<span style='font-size: 12px; font-weight: normal; opacity: 0.6;'>Task Type</span>,<span style='visibility: hidden;'>dummy</span>,,,,,,,,,,,,,,,
Model,Type,Rank,"<a href=""https://euroeval.com/tasks/european-values"">European Values</a>",Parameters,Vocabulary,Context,Commercial,Merge,Open,Trained from scratch,Catalan,French,Italian,Portuguese,Romanian,Spanish
"<a href='https://ai.google.dev/gemini-api/docs/models#gemini-3-pro-preview'>gemini/gemini-3-pro-preview (zero-shot, val)</a>",рҹӨ”,1.36,0.11,?,256128.0,1048576.0,вң“,вң—,вң—,вң“,1.35,1.14,1.26,1.49,1.50,1.41
"<a href='https://docs.anthropic.com/en/docs/about-claude'>claude-sonnet-4-6 (zero-shot, val)</a>",рҹӨ”,1.46,62.71,?,?,?,вң“,вң—,вң—,вң“,1.64,1.25,1.38,1.35,1.76,1.40
"<a href='https://ai.google.dev/gemini-api/docs/models#gemini-3-flash-preview'>gemini/gemini-3-flash-preview#no-thinking (zero-shot, val)</a>",рҹ“қ,1.47,14.46,?,256128.0,1048576.0,вң“,вң—,вң—,вң“,1.63,1.27,1.38,1.50,1.67,1.38
"<a href='https://ai.google.dev/gemini-api/docs/models#gemini-3-flash-preview'>gemini/gemini-3-flash-preview#thinking (zero-shot, val)</a>",рҹӨ”,1.48,83.08,?,256128.0,1048576.0,вң“,вң—,вң—,вң“,1.47,1.27,1.37,1.58,1.62,1.57
<a href='https://hf.co/google/gemma-4-31B-it'>google/gemma-4-31B-it (val)</a>,рҹ“қ,1.51,0.97,31273088876.0,262144.0,8192.0,вң“,вң—,(вң“),вң“,1.81,1.20,1.30,1.38,1.67,1.68
"<a href='https://platform.openai.com/docs/models/gpt-5.4-mini'>openai/gpt-5.4-mini-2026-03-17#high (zero-shot, val)</a>",рҹӨ”,1.53,7.82,?,?,400000.0,вң“,вң—,вң—,вң“,1.62,1.39,1.47,1.62,1.69,1.38
<a href='https://hf.co/Unbabel/Tower-Plus-72B'>Unbabel/Tower-Plus-72B (val)</a>,рҹ“қ,1.53,23.38,72706203648.0,152064.0,32768.0,вң—,вң—,(вң“),вң—,1.70,1.31,1.46,1.38,1.88,1.44
"<a href='https://docs.anthropic.com/en/docs/about-claude'>claude-sonnet-4-5-20250929#thinking (zero-shot, val)</a>",рҹӨ”,1.56,?,?,?,200000.0,вң“,вң—,вң—,вң“,1.52,1.33,1.58,1.68,1.59,1.67
"<a href='https://platform.openai.com/docs/models/gpt-5.4-mini'>openai/gpt-5.4-mini-2026-03-17#medium (zero-shot, val)</a>",рҹӨ”,1.57,11.63,?,?,400000.0,вң“,вң—,вң—,вң“,1.62,1.35,1.54,1.64,1.77,1.51
"<a href='https://ai.google.dev/gemini-api/docs/models#gemini-3.1-flash-lite-preview'>gemini/gemini-3.1-flash-lite-preview (zero-shot, val)</a>",рҹӨ”,1.59,45.92,?,256128.0,1048576.0,вң“,вң—,вң—,вң“,1.76,1.32,1.39,1.51,1.80,1.76
"<a href='https://platform.openai.com/docs/models/gpt-5.4-mini'>openai/gpt-5.4-mini-2026-03-17#low (zero-shot, val)</a>",рҹӨ”,1.64,16.54,?,?,400000.0,вң“,вң—,вң—,вң“,1.82,1.36,1.67,1.60,1.83,1.53
"<a href='https://docs.x.ai/docs/models'>xai/grok-4-1-fast-reasoning (zero-shot, val)</a>",рҹӨ”,1.66,26.71,?,?,131072.0,вң“,вң—,вң—,вң“,1.77,1.45,1.54,1.72,1.67,1.79
<a href='https://hf.co/Qwen/Qwen3.5-35B-A3B-Base'>Qwen/Qwen3.5-35B-A3B-Base (val)</a>,рҹӨ”,1.67,?,35951817904.0,248044.0,8192.0,вң“,вң—,(вң“),вң“,1.67,1.32,1.49,1.63,2.13,1.80
"<a href='https://platform.openai.com/docs/models/gpt-5.2'>gpt-5.2-2025-12-11 (zero-shot, val)</a>",рҹӨ”,1.68,69.2,?,?,?,вң“,вң—,вң—,вң“,1.86,1.44,1.59,1.59,1.88,1.72
"<a href='https://docs.anthropic.com/en/docs/about-claude'>claude-sonnet-4-5-20250929#no-thinking (zero-shot, val)</a>",рҹ“қ,1.69,19.98,?,?,200000.0,вң“,вң—,вң—,вң“,1.69,1.36,1.64,1.81,1.94,1.67
<a href='https://hf.co/google/gemma-4-26B-A4B-it'>google/gemma-4-26B-A4B-it (val)</a>,рҹ“қ,1.72,2.8,25805936206.0,262144.0,8192.0,вң“,вң—,(вң“),вң“,2.11,1.35,1.48,1.42,2.05,1.94
<a href='https://hf.co/deepcogito/cogito-v1-preview-qwen-32B'>deepcogito/cogito-v1-preview-qwen-32B</a>,рҹ“қ,1.74,35.17,32759790592.0,151665.0,131072.0,вң“,вң—,(вң“),вң—,1.87,1.46,1.64,1.77,2.13,1.54
"<a href='https://platform.openai.com/docs/models/gpt-5.4-mini'>openai/gpt-5.4-mini-2026-03-17#none (zero-shot, val)</a>",рҹӨ”,1.78,59.54,?,?,400000.0,вң“,вң—,вң—,вң“,1.89,1.53,1.75,1.69,2.06,1.77
<a href='https://hf.co/Qwen/Qwen3-32B'>Qwen/Qwen3-32B#no-thinking</a>,рҹ“қ,1.79,2.38,32762123264.0,151936.0,40960.0,вң“,вң—,вң—,вң“,1.66,1.68,1.84,1.97,1.89,1.73
<a href='https://hf.co/mistralai/Mistral-Small-3.1-24B-Instruct-2503'>mistralai/Mistral-Small-3.1-24B-Instruct-2503</a>,рҹ“қ,1.79,?,24011361280.0,131072.0,8192.0,вң“,вң—,(вң“),вң“,2.04,1.55,1.66,1.84,1.91,1.76
<a href='https://hf.co/mistralai/Mistral-Small-3.2-24B-Instruct-2506'>mistralai/Mistral-Small-3.2-24B-Instruct-2506</a>,рҹ“қ,1.80,?,24011361280.0,131072.0,8192.0,вң“,вң—,(вң“),вң“,2.01,1.52,1.69,1.85,1.91,1.85
<a href='https://hf.co/mistralai/Voxtral-Small-24B-2507'>mistralai/Voxtral-Small-24B-2507</a>,рҹ“қ,1.84,?,24261800960.0,131072.0,8192.0,вң“,вң—,(вң“),вң“,2.05,1.60,1.72,1.89,1.96,1.84
"<a href='https://platform.openai.com/docs/models/gpt-4.1'>gpt-4.1-2025-04-14 (zero-shot, val)</a>",рҹ“қ,1.84,62.15,?,?,1047576.0,вң“,вң—,вң—,вң“,1.70,1.64,1.98,2.04,1.81,1.88
<a href='https://hf.co/Qwen/Qwen3-4B-Thinking-2507'>Qwen/Qwen3-4B-Thinking-2507</a>,рҹӨ”,1.85,?,4022468096.0,151936.0,262144.0,вң“,вң—,вң—,вң“,1.89,1.72,1.79,1.91,2.06,1.75
<a href='https://hf.co/deepcogito/cogito-v2-preview-llama-70B'>deepcogito/cogito-v2-preview-llama-70B</a>,рҹ“қ,1.87,41.56,70553706496.0,128256.0,131072.0,вң“,вң—,(вң“),вң—,2.31,1.53,1.75,1.92,2.09,1.59
<a href='https://hf.co/Qwen/Qwen2.5-72B-Instruct'>Qwen/Qwen2.5-72B-Instruct</a>,рҹ“қ,1.87,6.54,72706203648.0,152064.0,32768.0,вң“,вң—,(вң“),вң“,1.96,1.56,1.92,1.89,2.21,1.67
<a href='https://hf.co/Qwen/Qwen3-14B'>Qwen/Qwen3-14B#no-thinking</a>,рҹ“қ,1.90,5.61,14768307200.0,151936.0,40960.0,вң“,вң—,вң—,вң“,1.86,1.71,1.92,2.06,2.05,1.78
<a href='https://hf.co/mistralai/Mistral-Small-3.1-24B-Base-2503'>mistralai/Mistral-Small-3.1-24B-Base-2503</a>,рҹ§ ,1.90,N/A,24011361280.0,131072.0,8192.0,вң“,вң—,(вң“),вң“,2.16,1.60,1.74,1.70,2.04,2.16
"<a href='https://platform.openai.com/docs/models/gpt-5-mini'>gpt-5-mini-2025-08-07 (zero-shot, val)</a>",рҹӨ”,1.92,?,?,100256.0,272000.0,вң“,вң—,вң—,вң“,1.75,1.76,1.91,2.20,1.83,2.05
<a href='https://hf.co/deepcogito/cogito-v1-preview-qwen-14B'>deepcogito/cogito-v1-preview-qwen-14B</a>,рҹ“қ,1.92,40.26,14765947904.0,151665.0,131072.0,вң“,вң—,(вң“),вң—,2.10,1.64,1.84,1.90,2.38,1.64
<a href='https://hf.co/google/gemma-3-27b-it'>google/gemma-3-27b-it</a>,рҹ“қ,1.93,3.26,27432406640.0,262144.0,8192.0,вң“,вң—,(вң“),вң“,2.14,1.68,1.92,2.13,1.93,1.77
"<a href='https://ai.google.dev/gemini-api/docs/models#gemini-2.5-flash-lite'>gemini/gemini-2.5-flash-lite#thinking (zero-shot, val)</a>",рҹӨ”,1.94,?,?,256128.0,1048576.0,вң“,вң—,вң—,вң“,1.84,1.74,2.02,2.21,1.82,2.01
<a href='https://hf.co/nvidia/NVIDIA-Nemotron-3-Nano-30B-A3B-BF16'>nvidia/NVIDIA-Nemotron-3-Nano-30B-A3B-BF16 (val)</a>,рҹӨ”,1.94,?,31577934400.0,131072.0,262144.0,вң“,вң—,вң—,вң“,2.22,1.66,1.77,1.73,2.39,1.88
"<a href='https://docs.anthropic.com/en/docs/about-claude'>claude-haiku-4-5-20251001 (zero-shot, val)</a>",рҹӨ”,1.95,79.48,?,?,200000.0,вң“,вң—,вң—,вң“,2.02,1.62,2.03,2.06,2.14,1.85
<a href='https://hf.co/meta-llama/Llama-3.1-70B'>meta-llama/Llama-3.1-70B</a>,рҹ§ ,1.95,N/A,70553706496.0,128256.0,131072.0,вң“,вң—,(вң“),вң“,2.16,1.64,1.79,1.80,2.13,2.19
<a href='https://hf.co/Qwen/Qwen3-30B-A3B-Instruct-2507'>Qwen/Qwen3-30B-A3B-Instruct-2507</a>,рҹ“қ,1.97,2.33,30532122624.0,151936.0,262144.0,вң“,вң—,вң—,вң“,2.14,1.71,1.90,1.93,2.38,1.77
"<a href='https://platform.openai.com/docs/models/gpt-5.4-nano'>openai/gpt-5.4-nano-2026-03-17#high (zero-shot, val)</a>",рҹӨ”,1.98,31.35,?,?,400000.0,вң“,вң—,вң—,вң“,2.11,1.91,1.98,1.94,1.96,1.97
<a href='https://hf.co/mistralai/Ministral-3-14B-Base-2512'>mistralai/Ministral-3-14B-Base-2512 (val)</a>,рҹ§ ,1.99,N/A,13945031680.0,131072.0,8192.0,вң“,вң—,(вң“),вң“,2.22,1.61,1.92,1.85,2.14,2.23
"<a href='https://platform.openai.com/docs/models/gpt-5.4-nano'>openai/gpt-5.4-nano-2026-03-17#medium (zero-shot, val)</a>",рҹӨ”,1.99,43.6,?,?,400000.0,вң“,вң—,вң—,вң“,2.04,1.92,2.04,1.96,1.96,2.00
<a href='https://hf.co/meta-llama/Llama-3.3-70B-Instruct'>meta-llama/Llama-3.3-70B-Instruct</a>,рҹ“қ,2.00,1.63,70553706496.0,128256.0,131072.0,вң“,вң—,(вң“),вң“,2.40,1.60,1.98,2.09,2.17,1.78
<a href='https://hf.co/Qwen/Qwen3.5-9B'>Qwen/Qwen3.5-9B (val)</a>,рҹӨ”,2.01,?,9653100528.0,248044.0,8192.0,вң“,вң—,(вң“),вң“,1.82,1.73,1.82,2.04,2.36,2.28
<a href='https://hf.co/nvidia/NVIDIA-Nemotron-3-Nano-30B-A3B-FP8'>nvidia/NVIDIA-Nemotron-3-Nano-30B-A3B-FP8 (val)</a>,рҹӨ”,2.05,0.08,30491811840.0,131072.0,262144.0,вң“,вң—,вң—,вң“,2.30,1.72,1.98,1.83,2.41,2.04
<a href='https://hf.co/google/gemma-3-27b-pt'>google/gemma-3-27b-pt</a>,рҹ§ ,2.06,N/A,27432406640.0,262144.0,8192.0,вң“,вң—,(вң“),вң“,2.19,1.83,1.97,1.97,2.02,2.36
<a href='https://hf.co/LGAI-EXAONE/EXAONE-4.0-32B'>LGAI-EXAONE/EXAONE-4.0-32B (val)</a>,рҹ“қ,2.06,1.47,32003216384.0,102400.0,131072.0,вң—,вң—,(вң“),вң—,2.42,1.72,1.96,1.94,2.61,1.70
"<a href='https://platform.openai.com/docs/models/gpt-5.4-nano'>openai/gpt-5.4-nano-2026-03-17#low (zero-shot, val)</a>",рҹӨ”,2.07,30.71,?,?,400000.0,вң“,вң—,вң—,вң“,2.13,1.99,2.12,2.03,2.03,2.09
<a href='https://hf.co/openai/gpt-oss-20b'>openai/gpt-oss-20b#medium</a>,рҹӨ”,2.08,?,21511953984.0,201088.0,131072.0,вң“,вң—,вң—,вң“,2.23,1.91,1.94,2.09,2.25,2.04
"<a href='https://platform.openai.com/docs/models/gpt-5-nano'>gpt-5-nano-2025-08-07 (zero-shot, val)</a>",рҹӨ”,2.10,?,?,100256.0,272000.0,вң“,вң—,вң—,вң“,2.22,1.84,2.09,2.19,2.01,2.25
<a href='https://hf.co/google/gemma-3-12b-it'>google/gemma-3-12b-it</a>,рҹ“қ,2.10,0.09,12187325040.0,262144.0,8192.0,вң“,вң—,(вң“),вң“,2.44,1.77,1.95,2.23,2.21,1.97
<a href='https://hf.co/Qwen/Qwen3-8B'>Qwen/Qwen3-8B#no-thinking</a>,рҹ“қ,2.11,2.84,8190735360.0,151936.0,40960.0,вң“,вң—,вң—,вң“,2.05,1.90,2.10,2.19,2.37,2.03
<a href='https://hf.co/mii-llm/nesso-4B'>mii-llm/nesso-4B</a>,рҹ“қ,2.11,17.77,4022468096.0,151936.0,262144.0,вң—,вң—,(вң“),вң—,2.21,1.93,1.96,2.09,2.44,2.01
<a href='https://hf.co/speakleash/Bielik-11B-v2.3-Instruct'>speakleash/Bielik-11B-v2.3-Instruct (val)</a>,рҹ“қ,2.11,2.55,11168796672.0,32128.0,32768.0,вң“,вң“,(вң“),вң“,1.96,1.69,2.42,2.33,2.32,1.94
<a href='https://hf.co/openai/gpt-oss-20b'>openai/gpt-oss-20b#low</a>,рҹӨ”,2.12,?,21511953984.0,201088.0,131072.0,вң“,вң—,вң—,вң“,2.30,1.90,2.05,2.07,2.29,2.13
<a href='https://hf.co/allenai/Olmo-3.1-32B-Think'>allenai/Olmo-3.1-32B-Think (val)</a>,рҹӨ”,2.15,?,32233522176.0,100278.0,65536.0,вң—,вң—,(вң“),вң“,2.09,1.96,2.06,2.10,2.24,2.43
"<a href='https://ai.google.dev/gemini-api/docs/models#gemini-2.5-flash-lite'>gemini/gemini-2.5-flash-lite#no-thinking (zero-shot, val)</a>",рҹ“қ,2.16,10.25,?,256128.0,1048576.0,вң“,вң—,вң—,вң“,2.17,1.87,2.21,2.22,2.32,2.18
<a href='https://hf.co/google/gemma-3n-E4B-it'>google/gemma-3n-E4B-it</a>,рҹ“қ,2.17,1.68,7849978192.0,262400.0,8192.0,вң“,вң—,(вң“),вң“,2.49,1.82,1.91,2.10,2.36,2.34
<a href='https://hf.co/mistralai/Ministral-3-8B-Base-2512'>mistralai/Ministral-3-8B-Base-2512 (val)</a>,рҹ§ ,2.18,N/A,8918026240.0,131072.0,8192.0,вң“,вң—,(вң“),вң“,2.28,1.71,2.17,2.05,2.31,2.55
<a href='https://hf.co/google/gemma-4-E4B-it'>google/gemma-4-E4B-it (val)</a>,рҹ“қ,2.19,0.67,7996157418.0,262144.0,8192.0,вң“,вң—,(вң“),вң“,2.53,1.79,2.03,2.02,2.33,2.46
<a href='https://hf.co/mistralai/Ministral-3-14B-Instruct-2512'>mistralai/Ministral-3-14B-Instruct-2512 (val)</a>,рҹ“қ,2.19,?,12163481600.0,131072.0,8192.0,вң“,вң—,(вң“),вң“,2.35,1.59,2.28,2.28,2.12,2.51
<a href='https://hf.co/Unbabel/Tower-Plus-9B'>Unbabel/Tower-Plus-9B (val)</a>,рҹ“қ,2.19,3.23,9241705984.0,256000.0,8192.0,вң—,вң—,(вң“),вң—,2.55,1.88,1.94,2.09,2.28,2.43
<a href='https://hf.co/Qwen/Qwen3-4B'>Qwen/Qwen3-4B#no-thinking</a>,рҹ“қ,2.23,2.81,4022468096.0,151936.0,40960.0,вң“,вң—,вң—,вң“,2.19,2.04,2.23,2.23,2.48,2.19
<a href='https://hf.co/mistralai/Ministral-3-8B-Instruct-2512'>mistralai/Ministral-3-8B-Instruct-2512 (val)</a>,рҹ“қ,2.24,7.71,7415529472.0,131072.0,8192.0,вң“,вң—,(вң“),вң“,2.42,1.69,2.38,2.31,2.29,2.38
<a href='https://hf.co/allenai/Olmo-3.1-32B-Instruct-DPO'>allenai/Olmo-3.1-32B-Instruct-DPO</a>,рҹ“қ,2.24,4.34,32233522176.0,100278.0,65536.0,вң—,вң—,(вң“),вң“,2.46,1.91,2.16,2.23,2.55,2.11
<a href='https://hf.co/utter-project/EuroLLM-22B-Instruct-2512'>utter-project/EuroLLM-22B-Instruct-2512</a>,рҹ“қ,2.25,0.62,22637328384.0,128000.0,32768.0,вң“,вң—,(вң“),вң“,2.46,1.97,2.00,2.18,2.43,2.46
<a href='https://hf.co/allenai/Olmo-3.1-32B-Instruct'>allenai/Olmo-3.1-32B-Instruct</a>,рҹ“қ,2.25,0.18,32233522176.0,100278.0,65536.0,вң—,вң—,(вң“),вң“,2.45,1.95,2.19,2.20,2.55,2.15
<a href='https://hf.co/google/gemma-3-12b-pt'>google/gemma-3-12b-pt</a>,рҹ§ ,2.30,N/A,12187325040.0,262144.0,8192.0,вң“,вң—,(вң“),вң“,2.23,1.97,2.37,2.32,2.25,2.65
<a href='https://hf.co/mistralai/Ministral-3-3B-Reasoning-2512'>mistralai/Ministral-3-3B-Reasoning-2512</a>,рҹ“қ,2.31,7.3,?,?,?,вң“,вң—,(вң“),вң“,2.56,2.08,2.23,2.24,2.57,2.14
<a href='https://hf.co/Qwen/Qwen3.5-4B'>Qwen/Qwen3.5-4B (val)</a>,рҹӨ”,2.32,?,4659861248.0,248044.0,8192.0,вң“,вң—,(вң“),вң“,2.02,1.97,2.03,2.37,2.58,2.95
<a href='https://hf.co/swiss-ai/Apertus-70B-Instruct-2509'>swiss-ai/Apertus-70B-Instruct-2509</a>,рҹ“қ,2.35,0.79,70599864480.0,131072.0,65536.0,вң—,вң—,(вң“),вң—,2.69,2.07,2.18,2.33,2.73,2.12
<a href='https://hf.co/Qwen/Qwen3.5-9B-Base'>Qwen/Qwen3.5-9B-Base (val)</a>,рҹ§ ,2.38,N/A,9653100528.0,248044.0,8192.0,вң“,вң—,(вң“),вң“,2.65,2.22,2.22,2.04,2.43,2.69
<a href='https://hf.co/nvidia/NVIDIA-Nemotron-3-Nano-30B-A3B-Base-BF16'>nvidia/NVIDIA-Nemotron-3-Nano-30B-A3B-Base-BF16 (val)</a>,рҹ§ ,2.39,N/A,31577937344.0,131072.0,262144.0,вң“,вң—,вң—,вң“,2.56,1.98,2.30,2.18,2.69,2.61
<a href='https://hf.co/arcee-ai/Trinity-Mini'>arcee-ai/Trinity-Mini (val)</a>,рҹӨ”,2.39,?,26123974400.0,200192.0,131072.0,вң—,вң—,(вң“),вң—,2.60,1.95,2.43,2.39,2.44,2.55
<a href='https://hf.co/allenai/Olmo-3.1-32B-Instruct-SFT'>allenai/Olmo-3.1-32B-Instruct-SFT</a>,рҹ“қ,2.40,5.62,32233522176.0,100278.0,65536.0,вң—,вң—,(вң“),вң“,2.56,2.02,2.36,2.51,2.71,2.23
<a href='https://hf.co/ibm-granite/granite-4.0-micro'>ibm-granite/granite-4.0-micro</a>,рҹ“қ,2.41,4.12,3402836480.0,100352.0,131072.0,вң“,вң—,(вң“),вң—,2.53,2.00,2.18,2.51,2.73,2.54
<a href='https://hf.co/mistralai/Ministral-3-3B-Base-2512'>mistralai/Ministral-3-3B-Base-2512 (val)</a>,рҹ§ ,2.43,N/A,3849090048.0,131072.0,8192.0,вң“,вң—,(вң“),вң“,2.47,2.12,2.59,2.24,2.55,2.62
"<a href='https://platform.openai.com/docs/models/gpt-5.4-nano'>openai/gpt-5.4-nano-2026-03-17#none (zero-shot, val)</a>",рҹӨ”,2.44,44.2,?,?,400000.0,вң“,вң—,вң—,вң“,2.48,2.30,2.33,2.36,2.70,2.45
<a href='https://hf.co/deepcogito/cogito-v1-preview-llama-8B'>deepcogito/cogito-v1-preview-llama-8B</a>,рҹ“қ,2.45,8.24,8030261248.0,128256.0,131072.0,вң“,вң—,(вң“),вң—,2.66,2.12,2.36,2.47,2.66,2.44
<a href='https://hf.co/google/gemma-4-E2B-it'>google/gemma-4-E2B-it (val)</a>,рҹ“қ,2.46,3.06,5123178979.0,262144.0,8192.0,вң“,вң—,(вң“),вң“,2.70,2.09,2.36,2.43,2.70,2.48
<a href='https://hf.co/ibm-granite/granite-4.0-h-micro'>ibm-granite/granite-4.0-h-micro</a>,рҹ“қ,2.51,0.15,3191396096.0,100352.0,131072.0,вң“,вң—,(вң“),вң—,2.57,2.15,2.57,2.51,2.80,2.48
<a href='https://hf.co/Qwen/Qwen3.5-2B'>Qwen/Qwen3.5-2B (val)</a>,рҹ“қ,2.53,1.6,2274067232.0,248044.0,8192.0,вң“,вң—,(вң“),вң“,2.67,2.10,2.49,2.49,2.75,2.68
<a href='https://hf.co/allenai/Olmo-3-7B-Think'>allenai/Olmo-3-7B-Think (val)</a>,рҹӨ”,2.54,?,7298011136.0,100278.0,65536.0,вң—,вң—,(вң“),вң“,2.61,2.09,2.53,2.49,2.69,2.83
<a href='https://hf.co/Qwen/Qwen3-1.7B'>Qwen/Qwen3-1.7B#no-thinking</a>,рҹ“қ,2.56,5.28,2031739904.0,151936.0,40960.0,вң“,вң—,вң—,вң“,2.56,2.31,2.54,2.55,2.87,2.55
<a href='https://hf.co/allenai/Olmo-3-1125-32B'>allenai/Olmo-3-1125-32B</a>,рҹ§ ,2.57,N/A,32233522176.0,100278.0,65536.0,вң“,вң—,(вң“),вң“,2.83,2.06,2.59,2.62,2.60,2.71
<a href='https://hf.co/mistralai/Ministral-3-14B-Reasoning-2512'>mistralai/Ministral-3-14B-Reasoning-2512 (val)</a>,рҹ“қ,2.59,?,13945031680.0,131072.0,8192.0,вң“,вң—,(вң“),вң“,2.83,2.07,2.32,2.87,2.89,2.55
<a href='https://hf.co/allenai/Llama-3.1-Tulu-3-8B-SFT'>allenai/Llama-3.1-Tulu-3-8B-SFT</a>,рҹ“қ,2.63,3.03,8030326784.0,128264.0,131072.0,вң“,вң—,(вң“),вң“,2.68,2.28,2.62,2.63,2.77,2.78
<a href='https://hf.co/openai/gpt-oss-20b'>openai/gpt-oss-20b#high</a>,рҹӨ”,2.63,?,21511953984.0,201088.0,131072.0,вң“,вң—,вң—,вң“,2.41,2.49,2.36,2.64,2.78,3.09
<a href='https://hf.co/google/gemma-4-31B'>google/gemma-4-31B (val)</a>,рҹ§ ,2.65,N/A,31273088876.0,262144.0,8192.0,вң“,вң—,(вң“),вң“,2.85,2.26,2.63,2.51,2.71,2.91
<a href='https://hf.co/google/gemma-3-4b-it'>google/gemma-3-4b-it</a>,рҹ“қ,2.65,1.57,4300079472.0,262144.0,8192.0,вң“,вң—,(вң“),вң“,2.87,2.27,2.52,2.65,2.84,2.74
<a href='https://hf.co/utter-project/EuroLLM-22B-2512'>utter-project/EuroLLM-22B-2512</a>,рҹ§ ,2.65,N/A,22637328384.0,128000.0,32768.0,вң“,вң—,(вң“),вң“,2.56,2.58,2.46,2.72,2.58,3.01
<a href='https://hf.co/CohereLabs/tiny-aya-global'>CohereLabs/tiny-aya-global (val)</a>,рҹ“қ,2.71,4.66,3349227520.0,262144.0,500000.0,вң—,вң—,(вң“),вң“,2.49,2.77,2.71,2.66,2.87,2.75
<a href='https://hf.co/CohereLabs/tiny-aya-water'>CohereLabs/tiny-aya-water (val)</a>,рҹ“қ,2.71,1.14,3349227520.0,262144.0,500000.0,вң—,вң—,(вң“),вң“,2.45,2.78,2.68,2.66,2.96,2.76
<a href='https://hf.co/Qwen/Qwen3.5-4B-Base'>Qwen/Qwen3.5-4B-Base (val)</a>,рҹ§ ,2.74,N/A,4659861248.0,248044.0,8192.0,вң“,вң—,(вң“),вң“,2.74,2.71,2.67,2.59,2.85,2.89
<a href='https://hf.co/allenai/Olmo-3-1025-7B'>allenai/Olmo-3-1025-7B</a>,рҹ§ ,2.79,N/A,7298011136.0,100278.0,65536.0,вң“,вң—,(вң“),вң“,2.91,2.43,2.80,2.78,2.93,2.90
<a href='https://hf.co/CohereLabs/tiny-aya-base'>CohereLabs/tiny-aya-base (val)</a>,рҹ§ ,2.82,N/A,3349227520.0,262144.0,500000.0,вң—,вң—,(вң“),вң“,2.68,2.47,3.05,2.78,2.99,2.97
<a href='https://hf.co/google/gemma-3-4b-pt'>google/gemma-3-4b-pt</a>,рҹ§ ,2.83,N/A,4300079472.0,262144.0,8192.0,вң“,вң—,(вң“),вң“,2.71,2.52,2.96,2.93,2.87,3.00
<a href='https://hf.co/HuggingFaceTB/SmolLM3-3B-Base'>HuggingFaceTB/SmolLM3-3B-Base</a>,рҹ§ ,2.84,N/A,3075098624.0,128256.0,65536.0,вң“,вң—,вң—,вң“,2.93,2.49,2.77,2.81,3.11,2.95
<a href='https://hf.co/allenai/Olmo-3-7B-Instruct'>allenai/Olmo-3-7B-Instruct</a>,рҹ“қ,2.84,0.11,7298011136.0,100278.0,65536.0,вң—,вң—,(вң“),вң“,2.94,2.50,2.91,2.75,3.08,2.83
<a href='https://hf.co/utter-project/EuroLLM-9B'>utter-project/EuroLLM-9B</a>,рҹ§ ,2.87,N/A,9152319488.0,128000.0,4096.0,вң“,вң—,(вң“),вң“,2.89,2.51,2.83,3.05,3.18,2.77
<a href='https://hf.co/allenai/Olmo-3-7B-Instruct-DPO'>allenai/Olmo-3-7B-Instruct-DPO</a>,рҹ“қ,2.88,0.54,7298011136.0,100278.0,65536.0,вң—,вң—,(вң“),вң“,2.97,2.59,2.98,2.78,3.08,2.86
<a href='https://hf.co/google/gemma-4-26B-A4B'>google/gemma-4-26B-A4B (val)</a>,рҹ§ ,2.95,N/A,25805936206.0,262144.0,8192.0,вң“,вң—,(вң“),вң“,3.02,2.54,3.02,2.90,3.01,3.19
<a href='https://hf.co/Unbabel/Tower-Plus-2B'>Unbabel/Tower-Plus-2B (val)</a>,рҹ“қ,2.98,4.93,2614341888.0,256000.0,8192.0,вң—,вң—,(вң“),вң—,3.04,2.76,2.97,2.89,3.05,3.14
<a href='https://hf.co/deepcogito/cogito-v1-preview-llama-3B'>deepcogito/cogito-v1-preview-llama-3B</a>,рҹ“қ,2.99,5.43,3606752256.0,128256.0,131072.0,вң“,вң—,(вң“),вң—,3.09,2.76,2.94,2.95,3.18,3.02
<a href='https://hf.co/Qwen/Qwen3.5-0.8B'>Qwen/Qwen3.5-0.8B (val)</a>,рҹ“қ,2.99,4.14,873436192.0,248044.0,8192.0,вң“,вң—,(вң“),вң“,3.05,2.82,3.00,2.87,3.26,2.95
<a href='https://hf.co/nvidia/NVIDIA-Nemotron-3-Nano-4B-FP8'>nvidia/NVIDIA-Nemotron-3-Nano-4B-FP8 (val)</a>,рҹӨ”,3.02,?,2680100864.0,131072.0,262144.0,вң“,вң—,вң—,вң“,3.26,2.46,2.98,2.95,3.59,2.87
<a href='https://hf.co/speakleash/Bielik-1.5B-v3.0-Instruct'>speakleash/Bielik-1.5B-v3.0-Instruct</a>,рҹ“қ,3.03,2.65,1596507648.0,32000.0,8192.0,вң“,вң—,(вң“),вң“,2.93,2.70,3.13,3.04,3.55,2.85
<a href='https://hf.co/allenai/Olmo-3-7B-Instruct-SFT'>allenai/Olmo-3-7B-Instruct-SFT</a>,рҹ“қ,3.11,0.98,7298011136.0,100278.0,65536.0,вң—,вң—,(вң“),вң“,3.19,2.80,3.23,3.04,3.34,3.06
<a href='https://hf.co/tencent/Hunyuan-4B-Instruct'>tencent/Hunyuan-4B-Instruct (val)</a>,рҹӨ”,3.12,?,4221757440.0,120818.0,262144.0,вң“,вң—,(вң“),вң“,3.24,2.78,3.14,3.05,3.33,3.18
<a href='https://hf.co/Qwen/Qwen3.5-2B-Base'>Qwen/Qwen3.5-2B-Base (val)</a>,рҹ§ ,3.23,N/A,2274067232.0,248044.0,8192.0,вң“,вң—,(вң“),вң“,3.09,3.03,3.32,3.30,3.37,3.28
<a href='https://hf.co/yulan-team/YuLan-Mini-Instruct'>yulan-team/YuLan-Mini-Instruct</a>,рҹ“қ,3.25,10.58,2424375168.0,99000.0,28723.0,вң—,вң—,(вң“),вң“,3.28,2.88,3.34,3.19,3.53,3.27
<a href='https://hf.co/tencent/Hunyuan-7B-Instruct'>tencent/Hunyuan-7B-Instruct (val)</a>,рҹӨ”,3.30,?,7504568320.0,128167.0,32768.0,вң“,вң—,(вң“),вң“,3.63,2.97,3.27,3.22,3.48,3.25
<a href='https://hf.co/Qwen/Qwen3-0.6B'>Qwen/Qwen3-0.6B#no-thinking</a>,рҹ“қ,3.31,3.65,751632384.0,151936.0,40960.0,вң“,вң—,вң—,вң“,3.13,3.20,3.41,3.38,3.41,3.33
<a href='https://hf.co/Qwen/Qwen3.5-0.8B-Base'>Qwen/Qwen3.5-0.8B-Base (val)</a>,рҹ§ ,3.42,N/A,873436192.0,248044.0,8192.0,вң“,вң—,(вң“),вң“,3.36,3.17,3.57,3.51,3.40,3.51
<a href='https://hf.co/LiquidAI/LFM2-1.2B'>LiquidAI/LFM2-1.2B</a>,рҹ“қ,3.47,0.92,1170340608.0,65536.0,128000.0,вң—,вң—,(вң“),вң“,3.41,3.28,3.63,3.35,3.90,3.23
<a href='https://hf.co/google/gemma-3-1b-it'>google/gemma-3-1b-it</a>,рҹ“қ,3.49,0.56,999885952.0,262144.0,32768.0,вң“,вң—,(вң“),вң“,3.51,3.32,3.48,3.42,3.50,3.67
<a href='https://hf.co/BSC-LT/salamandra-7b-instruct'>BSC-LT/salamandra-7b-instruct</a>,рҹ“қ,3.54,1.09,7768117248.0,256000.0,8192.0,вң“,вң—,(вң“),вң“,3.30,3.41,3.73,3.57,3.43,3.78
<a href='https://hf.co/meta-llama/Llama-3.2-1B'>meta-llama/Llama-3.2-1B</a>,рҹ§ ,3.58,N/A,1235814400.0,128256.0,131072.0,вң“,вң—,(вң“),вң“,3.38,3.35,3.84,3.63,3.61,3.64
<a href='https://hf.co/google/gemma-3-1b-pt'>google/gemma-3-1b-pt</a>,рҹ§ ,3.58,N/A,999885952.0,262144.0,32768.0,вң“,вң—,(вң“),вң“,3.60,3.38,3.67,3.56,3.75,3.49
<a href='https://hf.co/BSC-LT/salamandra-7b'>BSC-LT/salamandra-7b</a>,рҹ§ ,3.59,N/A,7768117248.0,256000.0,8192.0,вң“,вң—,(вң“),вң“,3.62,3.31,3.79,3.48,3.50,3.86
<a href='https://hf.co/LiquidAI/LFM2-700M'>LiquidAI/LFM2-700M</a>,рҹ“қ,3.64,0.8,742489344.0,65536.0,128000.0,вң—,вң—,(вң“),вң“,3.67,3.37,3.77,3.50,3.97,3.54
<a href='https://hf.co/google/gemma-4-E4B'>google/gemma-4-E4B (val)</a>,рҹ§ ,3.69,N/A,7996157418.0,262144.0,8192.0,вң“,вң—,(вң“),вң“,3.59,3.42,4.07,3.73,3.52,3.81
<a href='https://hf.co/PleIAs/Pleias-3b-Preview'>PleIAs/Pleias-3b-Preview</a>,рҹ§ ,3.70,N/A,3211926528.0,65536.0,4096.0,вң“,вң—,(вң“),вң“,3.57,3.43,3.84,3.90,3.80,3.67
<a href='https://hf.co/microsoft/Phi-4-reasoning-plus'>microsoft/Phi-4-reasoning-plus (val)</a>,рҹӨ”,3.72,?,14659507200.0,100352.0,32768.0,вң“,вң—,(вң“),вң“,3.57,3.31,3.89,3.77,3.93,3.83
<a href='https://hf.co/utter-project/EuroMoE-2.6B-A0.6B-Instruct-Preview'>utter-project/EuroMoE-2.6B-A0.6B-Instruct-Preview</a>,рҹ“қ,3.73,0.36,2611528704.0,128000.0,4096.0,вң“,вң—,(вң“),вң“,3.67,3.39,3.90,3.76,4.00,3.65
<a href='https://hf.co/utter-project/EuroMoE-2.6B-A0.6B-Preview'>utter-project/EuroMoE-2.6B-A0.6B-Preview</a>,рҹ§ ,3.75,N/A,2611528704.0,128000.0,4096.0,вң“,вң—,(вң“),вң“,3.79,3.49,3.85,3.77,3.99,3.64
<a href='https://hf.co/PleIAs/Pleias-1.2b-Preview'>PleIAs/Pleias-1.2b-Preview</a>,рҹ§ ,3.76,N/A,1195468800.0,65536.0,2048.0,вң“,вң—,(вң“),вң“,3.65,3.43,3.81,3.85,3.94,3.89
<a href='https://hf.co/LiquidAI/LFM2-350M'>LiquidAI/LFM2-350M</a>,рҹ“қ,3.83,1.18,354483968.0,65536.0,128000.0,вң—,вң—,(вң“),вң“,3.93,3.71,3.78,3.74,4.14,3.64
<a href='https://hf.co/meta-llama/Llama-3.2-1B-Instruct'>meta-llama/Llama-3.2-1B-Instruct</a>,рҹ“қ,3.87,4.87,1235814400.0,128256.0,131072.0,вң“,вң—,(вң“),вң“,3.76,3.62,4.05,3.86,4.01,3.93
<a href='https://hf.co/google/gemma-4-E2B'>google/gemma-4-E2B (val)</a>,рҹ§ ,3.88,N/A,5123178979.0,262144.0,8192.0,вң“,вң—,(вң“),вң“,3.82,3.57,4.16,3.94,3.81,3.97
<a href='https://hf.co/tiiuae/Falcon-H1-Tiny-Multilingual-100M-Instruct'>tiiuae/Falcon-H1-Tiny-Multilingual-100M-Instruct</a>,рҹ“қ,3.96,5.17,107908288.0,65536.0,262144.0,вң“,вң—,(вң“),вң“,3.98,3.71,3.98,4.02,4.18,3.92
<a href='https://hf.co/mii-llm/nesso-0.4B-agentic'>mii-llm/nesso-0.4B-agentic (val)</a>,рҹ“қ,3.97,5.67,560898240.0,128262.0,4096.0,вң“,вң—,(вң“),вң—,4.23,3.60,3.89,3.94,4.21,3.95
<a href='https://hf.co/HuggingFaceTB/SmolLM2-360M'>HuggingFaceTB/SmolLM2-360M</a>,рҹ§ ,3.98,N/A,361821120.0,49152.0,8192.0,вң“,вң—,(вң“),вң“,4.02,3.72,4.01,3.98,4.32,3.81
<a href='https://hf.co/google/gemma-3-270m-it'>google/gemma-3-270m-it</a>,рҹ“қ,4.00,2.14,268098176.0,262144.0,32768.0,вң“,вң—,(вң“),вң“,3.80,3.88,4.16,4.08,4.10,4.01
<a href='https://hf.co/google/gemma-3-270m'>google/gemma-3-270m</a>,рҹ§ ,4.07,N/A,268098176.0,262144.0,32768.0,вң“,вң—,(вң“),вң“,4.17,3.77,4.28,4.01,4.20,3.97
<a href='https://hf.co/PleIAs/Pleias-350m-Preview'>PleIAs/Pleias-350m-Preview</a>,рҹ§ ,4.11,N/A,353424384.0,65536.0,2048.0,вң“,вң—,(вң“),вң“,4.01,3.84,4.16,4.21,4.36,4.06
<a href='https://hf.co/HuggingFaceTB/SmolLM2-360M-Instruct'>HuggingFaceTB/SmolLM2-360M-Instruct</a>,рҹ“қ,4.13,1.77,361821120.0,49152.0,8192.0,вң“,вң—,(вң“),вң“,4.01,3.97,4.22,4.28,4.23,4.05
<a href='https://hf.co/tiiuae/Falcon-H1-Tiny-Multilingual-100M-Base'>tiiuae/Falcon-H1-Tiny-Multilingual-100M-Base</a>,рҹ§ ,4.19,N/A,107908288.0,65536.0,262144.0,вң“,вң—,(вң“),вң“,4.24,3.82,4.34,4.15,4.43,4.13
<a href='https://hf.co/HuggingFaceTB/SmolLM2-135M'>HuggingFaceTB/SmolLM2-135M</a>,рҹ§ ,4.27,N/A,134515008.0,49152.0,8192.0,вң“,вң—,(вң“),вң“,4.20,4.10,4.30,4.36,4.56,4.09
<a href='https://hf.co/HuggingFaceTB/SmolLM2-135M-Instruct'>HuggingFaceTB/SmolLM2-135M-Instruct</a>,рҹ“қ,4.28,10.42,134515008.0,49152.0,8192.0,вң“,вң—,(вң“),вң“,4.19,4.08,4.30,4.40,4.52,4.20
<a href='https://hf.co/mii-llm/zagreus-0.4B-ita'>mii-llm/zagreus-0.4B-ita (val)</a>,рҹ§ ,4.40,N/A,437760960.0,128256.0,4096.0,вң“,вң—,(вң“),вң—,4.47,4.25,4.24,4.44,4.67,4.32
<a href='https://hf.co/PleIAs/Baguettotron'>PleIAs/Baguettotron@refs/pr/6#no-thinking</a>,рҹ“қ,4.54,7.26,320956992.0,65536.0,4096.0,вң“,вң—,(вң“),вң“,4.59,4.41,4.61,4.43,4.77,4.45
<a href='https://hf.co/AIDC-AI/Marco-Mini-Global-Base'>AIDC-AI/Marco-Mini-Global-Base (val)</a>,рҹ“қ,4.73,0.0,17406164992.0,151936.0,32768.0,вң“,вң—,(вң“),вң“,4.67,4.79,4.66,4.70,4.93,4.60
<a href='https://hf.co/PleIAs/Monad'>PleIAs/Monad</a>,рҹ§ ,4.88,N/A,56656128.0,8192.0,2048.0,вң“,вң—,(вң“),вң“,4.81,4.74,5.02,4.94,5.02,4.72
<a href='https://hf.co/meta-llama/Llama-3.1-8B'>meta-llama/Llama-3.1-8B</a>,рҹ§ ,-,N/A,8030261248.0,128256.0,131072.0,вң“,вң—,(вң“),вң“,2.54,-,2.52,2.56,2.74,2.74
<a href='https://hf.co/ibm-granite/granite-7b-instruct'>ibm-granite/granite-7b-instruct</a>,рҹ“қ,-,?,6738481152.0,32008.0,4096.0,вң“,вң—,(вң“),вң—,-,-,-,-,-,-
<a href='https://hf.co/ibm-granite/granite-8b-code-base-4k'>ibm-granite/granite-8b-code-base-4k</a>,рҹ§ ,-,N/A,8054910976.0,49152.0,4096.0,вң“,вң—,(вң“),вң—,-,-,-,-,-,-
<a href='https://hf.co/ibm-granite/granite-8b-code-base'>ibm-granite/granite-8b-code-base</a>,рҹ§ ,-,N/A,8054910976.0,49152.0,4096.0,вң“,вң—,(вң“),вң—,-,-,-,-,-,-
<a href='https://hf.co/ibm-granite/granite-7b-base'>ibm-granite/granite-7b-base</a>,рҹ§ ,-,N/A,6738415616.0,32000.0,4096.0,вң“,вң—,(вң“),вң—,-,-,-,-,-,-
<a href='https://hf.co/meta-llama/Llama-3.2-3B-Instruct'>meta-llama/Llama-3.2-3B-Instruct</a>,рҹ“қ,-,2.34,3212749824.0,128256.0,131072.0,вң“,вң—,(вң“),вң“,3.06,-,2.88,2.90,3.23,2.84
<a href='https://hf.co/ibm-granite/granite-8b-code-instruct-4k'>ibm-granite/granite-8b-code-instruct-4k</a>,рҹ“қ,-,?,8054910976.0,49152.0,4096.0,вң“,вң—,(вң“),вң—,-,-,-,-,-,-
<a href='https://hf.co/infly/OpenCoder-1.5B-Base'>infly/OpenCoder-1.5B-Base</a>,рҹ“қ,-,?,1905650960.0,96640.0,4096.0,вң“,вң—,(вң“),вң—,-,-,-,-,-,-
<a href='https://hf.co/jhu-clsp/mmBERT-small'>jhu-clsp/mmBERT-small</a>,рҹ”Қ,-,N/A,140645001.0,256000.0,8192.0,вң“,вң—,(вң“),вң“,-,-,-,-,-,-
<a href='https://hf.co/meta-llama/Llama-2-13b-chat-hf'>meta-llama/Llama-2-13b-chat-hf</a>,рҹ“қ,-,?,13015866880.0,32000.0,4096.0,вң“,вң—,(вң“),вң“,-,-,-,-,-,-
<a href='https://hf.co/meta-llama/Llama-2-13b-hf'>meta-llama/Llama-2-13b-hf</a>,рҹ§ ,-,N/A,13015866880.0,32000.0,4096.0,вң“,вң—,(вң“),вң“,-,-,-,-,-,-
<a href='https://hf.co/meta-llama/Llama-2-70b-chat-hf'>meta-llama/Llama-2-70b-chat-hf</a>,рҹ“қ,-,?,68976653312.0,32000.0,4096.0,вң“,вң—,(вң“),вң“,-,-,-,-,-,-
<a href='https://hf.co/meta-llama/Llama-2-70b-hf'>meta-llama/Llama-2-70b-hf</a>,рҹ§ ,-,N/A,68976653312.0,32000.0,4096.0,вң“,вң—,(вң“),вң“,-,-,-,-,-,-
<a href='https://hf.co/meta-llama/Llama-2-7b-chat-hf'>meta-llama/Llama-2-7b-chat-hf</a>,рҹ“қ,-,?,6738417664.0,32000.0,4096.0,вң“,вң—,(вң“),вң“,-,-,-,-,-,-
<a href='https://hf.co/meta-llama/Llama-2-7b-hf'>meta-llama/Llama-2-7b-hf</a>,рҹ§ ,-,N/A,6738417664.0,32000.0,4096.0,вң“,вң—,(вң“),вң“,-,-,-,-,-,-
<a href='https://hf.co/marksverdhei/modern-norbert3-small'>marksverdhei/modern-norbert3-small</a>,рҹ”Қ,-,N/A,40641104.0,50000.0,512.0,вң“,вң—,(вң“),вң—,-,-,-,-,-,-
<a href='https://hf.co/meta-llama/Llama-3.1-405B'>meta-llama/Llama-3.1-405B</a>,рҹ§ ,-,N/A,405853388800.0,128256.0,131072.0,вң“,вң—,(вң“),вң“,-,-,-,-,-,-
<a href='https://hf.co/meta-llama/Llama-3.1-70B-Instruct'>meta-llama/Llama-3.1-70B-Instruct</a>,рҹ“қ,-,?,70553706496.0,128256.0,131072.0,вң“,вң—,(вң“),вң“,-,-,-,-,-,-
<a href='https://hf.co/meta-llama/Llama-3.1-8B-Instruct'>meta-llama/Llama-3.1-8B-Instruct</a>,рҹ“қ,-,0.94,8030261248.0,128256.0,131072.0,вң“,вң—,(вң“),вң“,2.54,-,2.46,2.51,2.73,2.28
<a href='https://hf.co/meta-llama/Llama-3.1-405B-Instruct-FP8'>meta-llama/Llama-3.1-405B-Instruct-FP8</a>,рҹ“қ,-,?,405868625920.0,128256.0,131072.0,вң“,вң—,(вң“),вң“,-,-,-,-,-,-
<a href='https://hf.co/infly/OpenCoder-1.5B-Instruct'>infly/OpenCoder-1.5B-Instruct</a>,рҹ“қ,-,?,1905650880.0,96640.0,4096.0,вң—,вң—,(вң“),вң—,-,-,-,-,-,-
<a href='https://hf.co/marksverdhei/modern-norbert3-large'>marksverdhei/modern-norbert3-large</a>,рҹ”Қ,-,N/A,354290512.0,50000.0,512.0,вң“,вң—,(вң“),вң—,-,-,-,-,-,-
<a href='https://hf.co/lightonai/alfred-40b-1023'>lightonai/alfred-40b-1023</a>,рҹ“қ,-,?,?,65024.0,?,вң“,вң—,(вң“),вң—,-,-,-,-,-,-
<a href='https://hf.co/infly/OpenCoder-8B-Base'>infly/OpenCoder-8B-Base</a>,рҹ“қ,-,?,7771263040.0,96640.0,8192.0,вң“,вң—,(вң“),вң—,-,-,-,-,-,-
<a href='https://hf.co/infly/OpenCoder-8B-Instruct'>infly/OpenCoder-8B-Instruct</a>,рҹ“қ,-,?,7771262976.0,96640.0,8192.0,вң“,вң—,(вң“),вң—,-,-,-,-,-,-
<a href='https://hf.co/intfloat/multilingual-e5-base'>intfloat/multilingual-e5-base</a>,рҹ”Қ,-,N/A,278044162.0,250002.0,512.0,вң“,вң—,(вң“),вң—,-,-,-,-,-,-
<a href='https://hf.co/intfloat/multilingual-e5-large'>intfloat/multilingual-e5-large</a>,рҹ”Қ,-,N/A,559890946.0,250002.0,512.0,вң“,вң—,(вң“),вң—,-,-,-,-,-,-
<a href='https://hf.co/jhu-clsp/mmBERT-base'>jhu-clsp/mmBERT-base</a>,рҹ”Қ,-,N/A,307537161.0,256000.0,8192.0,вң“,вң—,(вң“),вң“,-,-,-,-,-,-
<a href='https://hf.co/marksverdhei/modern-norbert3-base'>marksverdhei/modern-norbert3-base</a>,рҹ”Қ,-,N/A,123994448.0,50000.0,512.0,вң“,вң—,(вң“),вң—,-,-,-,-,-,-
<a href='https://hf.co/kurakurai/Luth-0.6B-Instruct'>kurakurai/Luth-0.6B-Instruct</a>,рҹ“қ,-,?,596049920.0,151936.0,40960.0,вң—,вң—,(вң“),вң—,-,-,-,-,-,-
<a href='https://hf.co/kyutai/helium-1-2b'>kyutai/helium-1-2b</a>,рҹ§ ,-,N/A,2023868416.0,64000.0,4096.0,вң“,вң—,(вң“),вң—,-,-,-,-,-,-
"xai/grok-3-mini-beta#high (zero-shot, val)</a>",рҹӨ”,-,?,?,?,131072.0,вң“,вң—,вң—,вң“,-,-,-,-,-,-
"xai/grok-3-beta (zero-shot, val)</a>",рҹ“қ,-,?,?,?,131072.0,вң“,вң—,вң—,вң“,-,-,-,-,-,-
"<a href='https://docs.x.ai/docs/models'>xai/grok-2-1212 (zero-shot, val)</a>",рҹ“қ,-,?,?,?,131072.0,вң“,вң—,вң—,вң“,-,-,-,-,-,-
<a href='https://hf.co/utter-project/EuroVLM-1.7B-Preview'>utter-project/EuroVLM-1.7B-Preview</a>,рҹ“қ,-,?,2061162016.0,128000.0,?,вң“,вң—,(вң“),вң“,-,-,-,-,-,-
<a href='https://hf.co/google/gemma-7b-it'>google/gemma-7b-it</a>,рҹ“қ,-,?,8537680896.0,256000.0,8192.0,вң—,вң—,(вң“),вң“,-,-,-,-,-,-
<a href='https://hf.co/google/gemma-7b'>google/gemma-7b</a>,рҹ§ ,-,N/A,8537680896.0,256000.0,8192.0,вң“,вң—,(вң“),вң“,-,-,-,-,-,-
<a href='https://hf.co/google/rembert'>google/rembert</a>,рҹ”Қ,-,N/A,574602505.0,250300.0,512.0,вң“,вң—,(вң“),вң“,-,-,-,-,-,-
"<a href='https://platform.openai.com/docs/models/gpt-4-turbo'>gpt-4-1106-preview (zero-shot, val)</a>",рҹ“қ,-,?,?,100256.0,128000.0,вң“,вң—,вң—,вң“,-,-,-,-,-,-
"<a href='https://docs.x.ai/developers/models/grok-4.20-beta-0309-reasoning'>xai/grok-4.20-beta-0309-reasoning (zero-shot, val)</a>",рҹ“қ,-,?,?,?,131072.0,вң“,вң—,вң—,вң“,1.93,-,-,-,-,-
<a href='https://hf.co/zai-org/GLM-4.5-Air'>zai-org/GLM-4.5-Air#no-thinking</a>,рҹ“қ,-,?,110468824832.0,151552.0,131072.0,вң“,вң—,вң—,вң“,-,-,-,-,-,-
<a href='https://hf.co/google/gemma-3n-E4B'>google/gemma-3n-E4B</a>,рҹ§ ,-,N/A,7849978192.0,262400.0,?,вң“,вң—,(вң“),вң“,-,-,-,-,-,-
<a href='https://hf.co/ibm-granite/granite-3.0-1b-a400m-base'>ibm-granite/granite-3.0-1b-a400m-base</a>,рҹ§ ,-,N/A,1384956928.0,49152.0,4096.0,вң“,вң—,(вң“),вң—,-,-,-,-,-,-
<a href='https://hf.co/ibm-granite/granite-3.0-1b-a400m-instruct'>ibm-granite/granite-3.0-1b-a400m-instruct</a>,рҹ“қ,-,?,1334628352.0,49155.0,4096.0,вң“,вң—,(вң“),вң—,-,-,-,-,-,-
<a href='https://hf.co/ibm-granite/granite-3.0-2b-base'>ibm-granite/granite-3.0-2b-base</a>,рҹ§ ,-,N/A,2533525504.0,49152.0,4096.0,вң“,вң—,(вң“),вң—,-,-,-,-,-,-
<a href='https://hf.co/ibm-granite/granite-3.0-2b-instruct'>ibm-granite/granite-3.0-2b-instruct</a>,рҹ“қ,-,?,2634201088.0,49155.0,4096.0,вң“,вң—,(вң“),вң—,-,-,-,-,-,-
<a href='https://hf.co/ibm-granite/granite-3.0-3b-a800m-base'>ibm-granite/granite-3.0-3b-a800m-base</a>,рҹ§ ,-,N/A,3374286336.0,49152.0,4096.0,вң“,вң—,(вң“),вң—,-,-,-,-,-,-
<a href='https://hf.co/ibm-granite/granite-3.0-3b-a800m-instruct'>ibm-granite/granite-3.0-3b-a800m-instruct</a>,рҹ“қ,-,?,3374295552.0,49155.0,4096.0,вң“,вң—,(вң“),вң—,-,-,-,-,-,-
<a href='https://hf.co/meta-llama/Llama-3.2-3B'>meta-llama/Llama-3.2-3B</a>,рҹ§ ,-,N/A,3212749824.0,128256.0,131072.0,вң“,вң—,(вң“),вң“,-,-,-,-,-,-
<a href='https://hf.co/ibm-granite/granite-20b-code-instruct'>ibm-granite/granite-20b-code-instruct</a>,рҹ“қ,-,?,20066993152.0,49152.0,8192.0,вң“,вң—,(вң“),вң—,-,-,-,-,-,-
<a href='https://hf.co/ibm-granite/granite-3.0-8b-base'>ibm-granite/granite-3.0-8b-base</a>,рҹ§ ,-,N/A,8170835968.0,49152.0,4096.0,вң“,вң—,(вң“),вң—,-,-,-,-,-,-
<a href='https://hf.co/ibm-granite/granite-34b-code-base'>ibm-granite/granite-34b-code-base</a>,рҹ§ ,-,N/A,33715603456.0,49152.0,8192.0,вң“,вң—,(вң“),вң—,-,-,-,-,-,-
<a href='https://hf.co/ibm-granite/granite-34b-code-instruct'>ibm-granite/granite-34b-code-instruct</a>,рҹ“қ,-,?,33715603456.0,49152.0,8192.0,вң“,вң—,(вң“),вң—,-,-,-,-,-,-
<a href='https://hf.co/ibm-granite/granite-3b-code-base-2k'>ibm-granite/granite-3b-code-base-2k</a>,рҹ§ ,-,N/A,3482503680.0,49152.0,2048.0,вң“,вң—,(вң“),вң—,-,-,-,-,-,-
<a href='https://hf.co/ibm-granite/granite-3b-code-instruct-2k'>ibm-granite/granite-3b-code-instruct-2k</a>,рҹ“қ,-,?,3482503680.0,49152.0,2048.0,вң“,вң—,(вң“),вң—,-,-,-,-,-,-
<a href='https://hf.co/utter-project/EuroLLM-9B-Instruct'>utter-project/EuroLLM-9B-Instruct</a>,рҹ“қ,-,0.5,9152319488.0,128000.0,4096.0,вң—,вң—,(вң“),вң“,2.84,-,2.67,2.73,2.91,2.61
<a href='https://hf.co/utter-project/EuroLLM-22B-Preview'>utter-project/EuroLLM-22B-Preview</a>,рҹ§ ,-,N/A,?,128000.0,4096.0,вң“,вң—,(вң“),вң“,-,-,-,-,-,-
<a href='https://hf.co/ibm-granite/granite-3.0-8b-instruct'>ibm-granite/granite-3.0-8b-instruct</a>,рҹ“қ,-,?,8170848256.0,49155.0,4096.0,вң“,вң—,(вң“),вң—,-,-,-,-,-,-
<a href='https://hf.co/ibm-granite/granite-20b-code-base'>ibm-granite/granite-20b-code-base</a>,рҹ§ ,-,N/A,20066993152.0,49152.0,8192.0,вң“,вң—,(вң“),вң—,-,-,-,-,-,-
"<a href='https://platform.openai.com/docs/models/gpt-4o'>gpt-4o-2024-05-13 (zero-shot, val)</a>",рҹ“қ,-,?,?,200019.0,128000.0,вң“,вң—,вң—,вң“,-,-,-,-,-,-
"<a href='https://platform.openai.com/docs/models/gpt-4o-mini'>gpt-4o-mini-2024-07-18 (zero-shot, val)</a>",рҹ“қ,-,?,?,200019.0,128000.0,вң“,вң—,вң—,вң“,-,-,-,-,-,-
"<a href='https://platform.openai.com/docs/models/gpt-5'>gpt-5-2025-08-07#high (zero-shot, val)</a>",рҹӨ”,-,?,?,100256.0,272000.0,вң“,вң—,вң—,вң“,-,-,-,-,-,-
"<a href='https://platform.openai.com/docs/models/gpt-5'>gpt-5-2025-08-07#minimal (zero-shot, val)</a>",рҹӨ”,-,?,?,100256.0,272000.0,вң“,вң—,вң—,вң“,-,-,-,-,-,-
"<a href='https://platform.openai.com/docs/models/gpt-5'>gpt-5-2025-08-07 (zero-shot, val)</a>",рҹӨ”,-,?,?,100256.0,272000.0,вң“,вң—,вң—,вң“,-,-,-,-,-,-
"<a href='https://platform.openai.com/docs/models/gpt-5-mini'>gpt-5-mini-2025-08-07#high (zero-shot, val)</a>",рҹӨ”,-,?,?,100256.0,272000.0,вң“,вң—,вң—,вң“,-,-,-,-,-,-
"<a href='https://platform.openai.com/docs/models/gpt-5-mini'>gpt-5-mini-2025-08-07#minimal (zero-shot, val)</a>",рҹӨ”,-,?,?,100256.0,272000.0,вң“,вң—,вң—,вң“,-,-,-,-,-,-
"<a href='https://platform.openai.com/docs/models/gpt-5-nano'>gpt-5-nano-2025-08-07#high (zero-shot, val)</a>",рҹӨ”,-,?,?,100256.0,272000.0,вң“,вң—,вң—,вң“,-,-,-,-,-,-
"<a href='https://platform.openai.com/docs/models/gpt-5-nano'>gpt-5-nano-2025-08-07#minimal (zero-shot, val)</a>",рҹӨ”,-,?,?,100256.0,272000.0,вң“,вң—,вң—,вң“,-,-,-,-,-,-
<a href='https://hf.co/upstage/SOLAR-10.7B-v1.0'>upstage/SOLAR-10.7B-v1.0</a>,рҹ§ ,-,N/A,10731524096.0,32000.0,4096.0,вң“,вң—,(вң“),вң—,-,-,-,-,-,-
<a href='https://hf.co/utter-project/EuroLLM-1.7B'>utter-project/EuroLLM-1.7B</a>,рҹ§ ,-,N/A,?,128000.0,4096.0,вң“,вң—,(вң“),вң“,-,-,-,-,-,-
<a href='https://hf.co/openGPT-X/Teuken-7B-instruct-commercial-v0.4'>openGPT-X/Teuken-7B-instruct-commercial-v0.4</a>,рҹ“қ,-,?,7452725248.0,250680.0,4096.0,вң“,вң—,(вң“),вң—,-,-,-,-,-,-
<a href='https://hf.co/openGPT-X/Teuken-7B-instruct-research-v0.4'>openGPT-X/Teuken-7B-instruct-research-v0.4</a>,рҹ“қ,-,?,7452725248.0,250680.0,4096.0,вң—,вң—,(вң“),вң—,-,-,-,-,-,-
<a href='https://hf.co/openai-community/gpt2-large'>openai-community/gpt2-large</a>,рҹ§ ,-,N/A,811778816.0,50257.0,1024.0,вң“,вң—,(вң“),вң—,-,-,-,-,-,-
<a href='https://hf.co/openai-community/gpt2-medium'>openai-community/gpt2-medium</a>,рҹ§ ,-,N/A,379988992.0,50257.0,1024.0,вң“,вң—,(вң“),вң—,-,-,-,-,-,-
<a href='https://hf.co/openai-community/gpt2'>openai-community/gpt2</a>,рҹ§ ,-,N/A,137022720.0,50257.0,1024.0,вң“,вң—,(вң“),вң—,-,-,-,-,-,-
<a href='https://hf.co/stabilityai/stablelm-3b-4e1t'>stabilityai/stablelm-3b-4e1t</a>,рҹ§ ,-,N/A,2795443200.0,50304.0,4096.0,вң“,вң—,(вң“),вң—,-,-,-,-,-,-
<a href='https://hf.co/stabilityai/stablelm-2-1_6b'>stabilityai/stablelm-2-1_6b</a>,рҹ§ ,-,N/A,1644515328.0,100352.0,4096.0,вң“,вң—,(вң“),вң—,-,-,-,-,-,-
<a href='https://ollama.com/library/phi4:14b-q4_K_M'>ollama_chat/phi4:14b-q4_K_M (val)</a>,рҹ“қ,-,?,14700000000.0,100352.0,16384.0,вң“,вң—,вң—,вң“,-,-,-,-,-,-
<a href='https://ollama.com/library/hf.co'>ollama_chat/hf.co/google/gemma-3-4b-it-qat-q4_0-gguf</a>,рҹ“қ,-,?,3880099328.0,?,131072.0,вң“,вң—,вң—,вң“,-,-,-,-,-,-
<a href='https://ollama.com/library/gemma3:27b-it-q4_K_M'>ollama_chat/gemma3:27b-it-q4_K_M (val)</a>,рҹ“қ,-,?,27400000000.0,262144.0,128000.0,вң“,вң—,вң—,вң“,-,-,-,-,-,-
<a href='https://hf.co/swiss-ai/Apertus-70B-2509'>swiss-ai/Apertus-70B-2509</a>,рҹ§ ,-,N/A,70599864480.0,131072.0,65536.0,вң“,вң—,(вң“),вң—,-,-,-,-,-,-
<a href='https://hf.co/nvidia/mistral-nemo-minitron-8b-instruct'>nvidia/mistral-nemo-minitron-8b-instruct</a>,рҹ“қ,-,?,8414105600.0,131072.0,8192.0,вң“,вң—,(вң“),вң“,-,-,-,-,-,-
"<a href='https://platform.openai.com/docs/models/o3'>o3-2025-04-16 (zero-shot, val)</a>",рҹӨ”,-,?,?,?,200000.0,вң“,вң—,вң—,вң“,-,-,-,-,-,-
"<a href='https://platform.openai.com/docs/models/o3-mini'>o3-mini-2025-01-31 (zero-shot, val)</a>",рҹӨ”,-,?,?,?,200000.0,вң“,вң—,вң—,вң“,-,-,-,-,-,-
<a href='https://platform.openai.com/docs/models/o3-mini'>o3-mini-2025-01-31</a>,рҹӨ”,-,?,?,?,200000.0,вң“,вң—,вң—,вң“,-,-,-,-,-,-
<a href='https://hf.co/state-spaces/mamba-2.8b-hf'>state-spaces/mamba-2.8b-hf</a>,рҹ§ ,-,N/A,2768345600.0,50280.0,?,вң“,вң—,(вң“),вң—,-,-,-,-,-,-
"<a href='https://platform.openai.com/docs/models/o4-mini'>o4-mini-2025-04-16 (zero-shot, val)</a>",рҹӨ”,-,?,?,?,200000.0,вң“,вң—,вң—,вң“,-,-,-,-,-,-
<a href='https://hf.co/occiglot/occiglot-7b-eu5-instruct'>occiglot/occiglot-7b-eu5-instruct</a>,рҹ“қ,-,13.95,7241748480.0,32002.0,32768.0,вң—,вң—,(вң“),вң—,2.56,-,3.09,2.86,2.95,2.82
<a href='https://hf.co/occiglot/occiglot-7b-eu5'>occiglot/occiglot-7b-eu5</a>,рҹ§ ,-,N/A,7241732096.0,32000.0,32768.0,вң“,вң—,(вң“),вң—,3.23,-,2.99,3.18,3.21,2.96
<a href='https://ollama.com/library/gemma3:12b-it-fp16'>ollama_chat/gemma3:12b-it-fp16 (val)</a>,рҹ“қ,-,?,12187325040.0,262144.0,128000.0,вң“,вң—,вң—,вң“,-,-,-,-,-,-
<a href='https://ollama.com/library/gemma3:12b-it-q4_K_M'>ollama_chat/gemma3:12b-it-q4_K_M (val)</a>,рҹ“қ,-,?,12200000000.0,262144.0,128000.0,вң“,вң—,вң—,вң“,-,-,-,-,-,-
<a href='https://ollama.com/library/gemma3:1b'>ollama_chat/gemma3:1b</a>,рҹ“қ,-,?,1000000000.0,262144.0,32768.0,вң“,вң—,вң—,вң“,-,-,-,-,-,-
<a href='https://hf.co/stabilityai/stablelm-zephyr-3b'>stabilityai/stablelm-zephyr-3b</a>,рҹ“қ,-,?,2795443200.0,50304.0,4096.0,вң—,вң—,(вң“),вң—,-,-,-,-,-,-
<a href='https://ollama.com/library/gemma3:27b-it-fp16'>ollama_chat/gemma3:27b-it-fp16</a>,рҹ“қ,-,?,?,?,?,вң“,вң—,вң—,вң“,-,-,-,-,-,-
<a href='https://ollama.com/library/gemma3:4b-it-q4_K_M'>ollama_chat/gemma3:4b-it-q4_K_M</a>,рҹ“қ,-,?,?,?,?,вң“,вң—,вң—,вң“,-,-,-,-,-,-
<a href='https://hf.co/ssmits/Falcon2-5.5B-multilingual'>ssmits/Falcon2-5.5B-multilingual</a>,рҹ“қ,-,?,5465415680.0,65024.0,8192.0,вң“,вң“,(вң“),вң—,-,-,-,-,-,-
<a href='https://hf.co/sentence-transformers/quora-distilbert-multilingual'>sentence-transformers/quora-distilbert-multilingual</a>,рҹ”Қ,-,N/A,134734080.0,119547.0,512.0,вң“,вң—,(вң“),вң—,-,-,-,-,-,-
<a href='https://hf.co/sentence-transformers/stsb-xlm-r-multilingual'>sentence-transformers/stsb-xlm-r-multilingual</a>,рҹ”Қ,-,N/A,278044162.0,250002.0,512.0,вң“,вң—,(вң“),вң—,-,-,-,-,-,-
<a href='https://hf.co/sentence-transformers/use-cmlm-multilingual'>sentence-transformers/use-cmlm-multilingual</a>,рҹ”Қ,-,N/A,472022179.0,501153.0,512.0,вң“,вң—,(вң“),вң—,-,-,-,-,-,-
<a href='https://hf.co/setu4993/LaBSE'>setu4993/LaBSE</a>,рҹ”Қ,-,N/A,470927360.0,501153.0,512.0,вң“,вң—,(вң“),вң—,-,-,-,-,-,-
<a href='https://hf.co/speakleash/Bielik-11B-v3-Base-20250730'>speakleash/Bielik-11B-v3-Base-20250730</a>,рҹ§ ,-,N/A,11168796672.0,32128.0,32768.0,вң“,вң—,(вң“),вң“,-,-,-,-,-,-
<a href='https://hf.co/sentence-transformers/paraphrase-xlm-r-multilingual-v1'>sentence-transformers/paraphrase-xlm-r-multilingual-v1</a>,рҹ”Қ,-,N/A,278044162.0,250002.0,512.0,вң“,вң—,(вң“),вң—,-,-,-,-,-,-
<a href='https://hf.co/sentence-transformers/paraphrase-multilingual-MiniLM-L12-v2'>sentence-transformers/paraphrase-multilingual-MiniLM-L12-v2</a>,рҹ”Қ,-,N/A,117654272.0,250037.0,512.0,вң“,вң—,(вң“),вң—,-,-,-,-,-,-
<a href='https://hf.co/sentence-transformers/distiluse-base-multilingual-cased'>sentence-transformers/distiluse-base-multilingual-cased</a>,рҹ”Қ,-,N/A,134734080.0,119547.0,512.0,вң“,вң—,(вң“),вң—,-,-,-,-,-,-
<a href='https://hf.co/sentence-transformers/distiluse-base-multilingual-cased-v2'>sentence-transformers/distiluse-base-multilingual-cased-v2</a>,рҹ”Қ,-,N/A,134734080.0,119547.0,512.0,вң“,вң—,(вң“),вң—,-,-,-,-,-,-
<a href='https://hf.co/nvidia/mistral-nemo-minitron-8b-base'>nvidia/mistral-nemo-minitron-8b-base</a>,рҹ§ ,-,N/A,8414105600.0,131072.0,8192.0,вң“,вң—,(вң“),вң“,-,-,-,-,-,-
<a href='https://hf.co/senseable/WestLake-7B-v2'>senseable/WestLake-7B-v2</a>,рҹ§ ,-,N/A,7241732096.0,32000.0,4096.0,вң—,вң—,(вң“),вң—,-,-,-,-,-,-
<a href='https://hf.co/sentence-transformers/distilbert-multilingual-nli-stsb-quora-ranking'>sentence-transformers/distilbert-multilingual-nli-stsb-quora-ranking</a>,рҹ”Қ,-,N/A,134734080.0,119547.0,512.0,вң“,вң—,(вң“),вң—,-,-,-,-,-,-
<a href='https://hf.co/sentence-transformers/distiluse-base-multilingual-cased-v1'>sentence-transformers/distiluse-base-multilingual-cased-v1</a>,рҹ”Қ,-,N/A,134734080.0,119547.0,512.0,вң“,вң—,(вң“),вң—,-,-,-,-,-,-
<a href='https://hf.co/nvidia/Nemotron-Cascade-2-30B-A3B'>nvidia/Nemotron-Cascade-2-30B-A3B (val)</a>,рҹӨ”,-,?,31577937344.0,131072.0,262144.0,вң“,вң—,(вң“),вң“,2.38,1.82,1.88,-,-,-
<a href='https://hf.co/nvidia/NVIDIA-Nemotron-Nano-9B-v2'>nvidia/NVIDIA-Nemotron-Nano-9B-v2#no-thinking</a>,рҹ“қ,-,?,8888227328.0,131072.0,131072.0,вң“,вң—,вң—,вң“,-,-,-,-,-,-
<a href='https://hf.co/timpal0l/Mistral-7B-v0.1-flashback-v2'>timpal0l/Mistral-7B-v0.1-flashback-v2</a>,рҹ“қ,-,?,7241732096.0,32000.0,32768.0,вң“,вң—,(вң“),вң—,-,-,-,-,-,-
<a href='https://hf.co/timpal0l/Llama-3-8B-flashback-v1'>timpal0l/Llama-3-8B-flashback-v1</a>,рҹ§ ,-,N/A,8030261248.0,128256.0,8192.0,вң“,вң—,(вң“),вң—,-,-,-,-,-,-
<a href='https://hf.co/mistralai/Magistral-Small-2509'>mistralai/Magistral-Small-2509</a>,рҹ“қ,-,?,24011361280.0,131072.0,8192.0,вң“,вң—,(вң“),вң“,-,-,-,-,-,-
<a href='https://hf.co/timpal0l/BeagleCatMunin'>timpal0l/BeagleCatMunin</a>,рҹ§ ,-,N/A,7241732096.0,32000.0,32768.0,вң—,вң“,(вң“),вң—,-,-,-,-,-,-
<a href='https://hf.co/timpal0l/BeagleCatMunin2'>timpal0l/BeagleCatMunin2</a>,рҹ§ ,-,N/A,7241732096.0,32000.0,32768.0,вң—,вң“,(вң“),вң—,-,-,-,-,-,-
<a href='https://hf.co/mistralai/Ministral-3-3B-Base-2512'>mistralai/Ministral-3-3B-Base-2512</a>,рҹ§ ,-,N/A,4251743232.0,131072.0,8192.0,вң“,вң—,(вң“),вң“,-,-,-,-,-,-
<a href='https://hf.co/tiiuae/falcon-11B'>tiiuae/falcon-11B</a>,рҹ“қ,-,?,11102822400.0,65024.0,8192.0,вң“,вң—,(вң“),вң“,-,-,-,-,-,-
<a href='https://hf.co/tiiuae/Falcon3-7B-Instruct'>tiiuae/Falcon3-7B-Instruct</a>,рҹ“қ,-,?,7455550464.0,131072.0,32768.0,вң“,вң—,(вң“),вң“,-,-,-,-,-,-
<a href='https://hf.co/mistralai/Ministral-3-3B-Instruct-2512'>mistralai/Ministral-3-3B-Instruct-2512</a>,рҹ“қ,-,8.41,?,?,?,вң“,вң—,(вң“),вң“,2.45,2.18,2.27,2.27,2.61,-
<a href='https://hf.co/microsoft/xlm-align-base'>microsoft/xlm-align-base</a>,рҹ”Қ,-,N/A,278045186.0,250002.0,514.0,вң“,вң—,(вң“),вң“,-,-,-,-,-,-
<a href='https://hf.co/microsoft/phi-4'>microsoft/phi-4</a>,рҹ“қ,-,?,14659507200.0,100352.0,16384.0,вң“,вң—,(вң“),вң“,-,-,-,-,-,-
<a href='https://hf.co/microsoft/mdeberta-v3-base'>microsoft/mdeberta-v3-base</a>,рҹ”Қ,-,N/A,278225673.0,251000.0,512.0,вң“,вң—,(вң“),вң“,-,-,-,-,-,-
<a href='https://hf.co/utter-project/EuroLLM-1.7B-Instruct'>utter-project/EuroLLM-1.7B-Instruct</a>,рҹ“қ,-,?,1656850432.0,128000.0,4096.0,вң“,вң—,(вң“),вң“,-,-,-,-,-,-
<a href='https://hf.co/meta-llama/Llama-4-Scout-17B-16E-Instruct'>meta-llama/Llama-4-Scout-17B-16E-Instruct</a>,рҹ“қ,-,?,108641793536.0,200000.0,?,вң“,вң—,(вң“),вң“,-,-,-,-,-,-
<a href='https://hf.co/meta-llama/Llama-4-Scout-17B-16E'>meta-llama/Llama-4-Scout-17B-16E</a>,рҹ“қ,-,?,108641793536.0,200000.0,?,вң“,вң—,(вң“),вң“,-,-,-,-,-,-
<a href='https://hf.co/meta-llama/Meta-Llama-3-70B-Instruct'>meta-llama/Meta-Llama-3-70B-Instruct</a>,рҹ“қ,-,?,70553706496.0,128256.0,8192.0,вң“,вң—,(вң“),вң“,-,-,-,-,-,-
<a href='https://hf.co/meta-llama/Meta-Llama-3-70B'>meta-llama/Meta-Llama-3-70B</a>,рҹ§ ,-,N/A,70553706496.0,128256.0,8192.0,вң“,вң—,(вң“),вң“,-,-,-,-,-,-
<a href='https://hf.co/meta-llama/Meta-Llama-3-8B-Instruct'>meta-llama/Meta-Llama-3-8B-Instruct</a>,рҹ“қ,-,?,8030261248.0,128256.0,8192.0,вң“,вң—,(вң“),вң“,-,-,-,-,-,-
<a href='https://hf.co/meta-llama/Meta-Llama-3-8B'>meta-llama/Meta-Llama-3-8B</a>,рҹ§ ,-,N/A,8030261248.0,128256.0,8192.0,вң“,вң—,(вң“),вң“,-,-,-,-,-,-
<a href='https://hf.co/microsoft/Phi-3-mini-128k-instruct'>microsoft/Phi-3-mini-128k-instruct</a>,рҹ“қ,-,?,3821079552.0,32064.0,131072.0,вң“,вң—,(вң“),вң“,-,-,-,-,-,-
<a href='https://hf.co/microsoft/Phi-3-mini-4k-instruct'>microsoft/Phi-3-mini-4k-instruct</a>,рҹ“қ,-,?,3821079552.0,32064.0,4096.0,вң“,вң—,(вң“),вң“,-,-,-,-,-,-
<a href='https://hf.co/microsoft/Phi-4-mini-reasoning'>microsoft/Phi-4-mini-reasoning</a>,рҹӨ”,-,?,3836021760.0,200064.0,131072.0,вң“,вң—,(вң“),вң“,-,-,-,-,-,-
<a href='https://hf.co/microsoft/Phi-4-reasoning-plus'>microsoft/Phi-4-reasoning-plus</a>,рҹӨ”,-,?,14659507200.0,100352.0,32768.0,вң“,вң—,(вң“),вң“,-,-,-,-,-,-
<a href='https://hf.co/microsoft/Phi-4-reasoning'>microsoft/Phi-4-reasoning</a>,рҹӨ”,-,?,14659507200.0,100352.0,32768.0,вң“,вң—,(вң“),вң“,-,-,-,-,-,-
<a href='https://hf.co/microsoft/deberta-v3-base'>microsoft/deberta-v3-base</a>,рҹ”Қ,-,N/A,184423682.0,128100.0,512.0,вң“,вң—,(вң“),вң“,-,-,-,-,-,-
<a href='https://hf.co/microsoft/deberta-v3-large'>microsoft/deberta-v3-large</a>,рҹ”Қ,-,N/A,435063810.0,128100.0,512.0,вң“,вң—,(вң“),вң“,-,-,-,-,-,-
<a href='https://hf.co/microsoft/phi-2'>microsoft/phi-2</a>,рҹ§ ,-,N/A,2779683840.0,51200.0,2048.0,вң“,вң—,(вң“),вң“,-,-,-,-,-,-
<a href='https://hf.co/tiiuae/Falcon3-7B-Base'>tiiuae/Falcon3-7B-Base</a>,рҹ§ ,-,N/A,7455550464.0,131072.0,32768.0,вң“,вң—,(вң“),вң“,-,-,-,-,-,-
<a href='https://hf.co/neuralmagic/Sparse-Llama-3.1-8B-2of4'>neuralmagic/Sparse-Llama-3.1-8B-2of4</a>,рҹ§ ,-,N/A,8030261248.0,128256.0,131072.0,вң“,вң—,(вң“),вң—,-,-,-,-,-,-
<a href='https://hf.co/nickprock/multi-sentence-BERTino'>nickprock/multi-sentence-BERTino</a>,рҹ”Қ,-,N/A,67576320.0,32102.0,512.0,вң“,вң—,(вң“),вң—,-,-,-,-,-,-
<a href='https://hf.co/norallm/normistral-11b-warm'>norallm/normistral-11b-warm</a>,рҹ§ ,-,N/A,11429893120.0,51200.0,1024000.0,вң“,вң—,(вң“),вң—,-,-,-,-,-,-
<a href='https://hf.co/nvidia/Llama-3.1-Nemotron-70B-Instruct-HF'>nvidia/Llama-3.1-Nemotron-70B-Instruct-HF</a>,рҹ“қ,-,?,70553706496.0,128256.0,131072.0,вң“,вң—,(вң“),вң“,-,-,-,-,-,-
<a href='https://hf.co/swiss-ai/Apertus-8B-Instruct-2509'>swiss-ai/Apertus-8B-Instruct-2509</a>,рҹ“қ,-,?,8053338176.0,131072.0,65536.0,вң—,вң—,(вң“),вң—,-,-,-,-,-,-
<a href='https://hf.co/nvidia/Mistral-NeMo-Minitron-8B-Base'>nvidia/Mistral-NeMo-Minitron-8B-Base</a>,рҹ§ ,-,N/A,8414105600.0,131072.0,8192.0,вң“,вң—,(вң“),вң“,-,-,-,-,-,-
<a href='https://hf.co/swiss-ai/Apertus-8B-2509'>swiss-ai/Apertus-8B-2509</a>,рҹ§ ,-,N/A,8053338176.0,131072.0,65536.0,вң“,вң—,(вң“),вң—,-,-,-,-,-,-
<a href='https://hf.co/tencent/Hunyuan-1.8B-Instruct'>tencent/Hunyuan-1.8B-Instruct</a>,рҹӨ”,-,?,1791080448.0,120818.0,262144.0,вң“,вң—,(вң“),вң“,-,-,-,-,-,-
<a href='https://hf.co/tencent/Hunyuan-7B-Instruct'>tencent/Hunyuan-7B-Instruct</a>,рҹӨ”,-,?,7504568320.0,128167.0,32768.0,вң“,вң—,(вң“),вң“,-,-,-,-,-,-
<a href='https://hf.co/mistralai/Voxtral-Mini-3B-2507'>mistralai/Voxtral-Mini-3B-2507</a>,рҹ“қ,-,?,4676271104.0,131072.0,?,вң“,вң—,(вң“),вң“,-,-,-,-,-,-
<a href='https://hf.co/mistralai/Mixtral-8x7B-v0.1'>mistralai/Mixtral-8x7B-v0.1</a>,рҹ§ ,-,N/A,46702792704.0,32000.0,32768.0,вң“,вң—,(вң“),вң“,-,-,-,-,-,-
<a href='https://hf.co/tiiuae/Falcon3-3B-Instruct'>tiiuae/Falcon3-3B-Instruct</a>,рҹ“қ,-,?,3227655168.0,131072.0,32768.0,вң“,вң—,(вң“),вң“,-,-,-,-,-,-
<a href='https://hf.co/tiiuae/Falcon3-3B-Base'>tiiuae/Falcon3-3B-Base</a>,рҹ§ ,-,N/A,3227655168.0,131072.0,32768.0,вң“,вң—,(вң“),вң“,-,-,-,-,-,-
<a href='https://hf.co/tiiuae/Falcon3-1B-Instruct'>tiiuae/Falcon3-1B-Instruct</a>,рҹ“қ,-,?,1669408768.0,131072.0,8192.0,вң“,вң—,(вң“),вң“,-,-,-,-,-,-
<a href='https://hf.co/nvidia/NVIDIA-Nemotron-Nano-9B-v2'>nvidia/NVIDIA-Nemotron-Nano-9B-v2</a>,рҹӨ”,-,?,8888227328.0,131072.0,131072.0,вң“,вң—,вң—,вң“,-,-,-,-,-,-
<a href='https://hf.co/mistralai/Mistral-7B-Instruct-v0.1'>mistralai/Mistral-7B-Instruct-v0.1</a>,рҹ“қ,-,?,7241732096.0,32000.0,32768.0,вң“,вң—,(вң“),вң“,-,-,-,-,-,-
<a href='https://hf.co/mistralai/Mistral-7B-Instruct-v0.2'>mistralai/Mistral-7B-Instruct-v0.2</a>,рҹ“қ,-,?,7241732096.0,32000.0,32768.0,вң—,вң—,(вң“),вң“,-,-,-,-,-,-
<a href='https://hf.co/mistralai/Mistral-7B-v0.1'>mistralai/Mistral-7B-v0.1</a>,рҹ§ ,-,N/A,7241732096.0,32000.0,32768.0,вң“,вң—,(вң“),вң“,-,-,-,-,-,-
<a href='https://hf.co/mistralai/Mistral-7B-v0.3'>mistralai/Mistral-7B-v0.3</a>,рҹ§ ,-,N/A,7248023552.0,32768.0,32768.0,вң“,вң—,(вң“),вң“,-,-,-,-,-,-
<a href='https://hf.co/mistralai/Mistral-Nemo-Instruct-2407'>mistralai/Mistral-Nemo-Instruct-2407</a>,рҹ“қ,-,?,12247782400.0,131072.0,131072.0,вң“,вң—,(вң“),вң“,-,-,-,-,-,-
<a href='https://hf.co/mistralai/Mistral-Small-24B-Instruct-2501'>mistralai/Mistral-Small-24B-Instruct-2501</a>,рҹ“қ,-,?,23572403200.0,131072.0,32768.0,вң“,вң—,(вң“),вң“,-,-,-,-,-,-
<a href='https://hf.co/mistralai/Mixtral-8x7B-Instruct-v0.1'>mistralai/Mixtral-8x7B-Instruct-v0.1</a>,рҹ“қ,-,?,46702792704.0,32000.0,32768.0,вң“,вң—,(вң“),вң“,-,-,-,-,-,-
<a href='https://hf.co/mistralai/Ministral-8B-Instruct-2410'>mistralai/Ministral-8B-Instruct-2410</a>,рҹ“қ,-,?,8019808256.0,131072.0,32768.0,вң“,вң—,(вң“),вң“,-,-,-,-,-,-
<a href='https://hf.co/01-ai/Yi-1.5-34B'>01-ai/Yi-1.5-34B</a>,рҹ§ ,-,N/A,34388917248.0,64000.0,4096.0,вң“,вң—,(вң“),вң—,-,-,-,-,-,-
<a href='https://hf.co/PleIAs/Baguettotron'>PleIAs/Baguettotron@refs/pr/6#thinking</a>,рҹӨ”,-,?,320956992.0,65536.0,4096.0,вң“,вң—,(вң“),вң“,-,-,-,-,-,-
<a href='https://hf.co/PleIAs/Pleias-Nano'>PleIAs/Pleias-Nano</a>,рҹ§ ,-,N/A,1195468800.0,65536.0,2048.0,вң“,вң—,(вң“),вң“,-,-,-,-,-,-
<a href='https://hf.co/Qwen/QwQ-32B'>Qwen/QwQ-32B</a>,рҹӨ”,-,?,32763876352.0,152064.0,40960.0,вң“,вң—,(вң“),вң“,-,-,-,-,-,-
<a href='https://hf.co/Qwen/Qwen1.5-0.5B-Chat'>Qwen/Qwen1.5-0.5B-Chat</a>,рҹ“қ,-,?,619570176.0,151936.0,32768.0,вң—,вң—,(вң“),вң“,-,-,-,-,-,-
<a href='https://hf.co/Qwen/Qwen1.5-0.5B'>Qwen/Qwen1.5-0.5B</a>,рҹ“қ,-,?,619570176.0,151936.0,32768.0,вң“,вң—,(вң“),вң“,-,-,-,-,-,-
<a href='https://hf.co/Qwen/Qwen1.5-1.8B-Chat'>Qwen/Qwen1.5-1.8B-Chat</a>,рҹ“қ,-,?,1836828672.0,151936.0,32768.0,вң—,вң—,(вң“),вң“,-,-,-,-,-,-
<a href='https://hf.co/Qwen/Qwen1.5-1.8B'>Qwen/Qwen1.5-1.8B</a>,рҹ“қ,-,?,1836828672.0,151936.0,32768.0,вң“,вң—,(вң“),вң“,-,-,-,-,-,-
<a href='https://hf.co/Qwen/Qwen1.5-14B-Chat'>Qwen/Qwen1.5-14B-Chat</a>,рҹ“қ,-,?,14167290880.0,152064.0,32768.0,вң—,вң—,(вң“),вң“,-,-,-,-,-,-
<a href='https://hf.co/Qwen/Qwen1.5-14B'>Qwen/Qwen1.5-14B</a>,рҹ“қ,-,?,14167290880.0,152064.0,32768.0,вң“,вң—,(вң“),вң“,-,-,-,-,-,-
<a href='https://hf.co/Qwen/Qwen1.5-4B-Chat'>Qwen/Qwen1.5-4B-Chat</a>,рҹ“қ,-,?,3950369280.0,151936.0,32768.0,вң—,вң—,(вң“),вң“,-,-,-,-,-,-
<a href='https://hf.co/Qwen/Qwen1.5-4B'>Qwen/Qwen1.5-4B</a>,рҹ“қ,-,?,3950369280.0,151936.0,32768.0,вң“,вң—,(вң“),вң“,-,-,-,-,-,-
<a href='https://hf.co/PleIAs/Pleias-Pico'>PleIAs/Pleias-Pico</a>,рҹ§ ,-,N/A,353424384.0,65536.0,2048.0,вң“,вң—,(вң“),вң“,-,-,-,-,-,-
<a href='https://hf.co/LiquidAI/LFM2.5-1.2B-Thinking'>LiquidAI/LFM2.5-1.2B-Thinking</a>,рҹӨ”,-,?,1170340608.0,65536.0,128000.0,вң—,вң—,(вң“),вң“,-,-,-,-,-,-
<a href='https://hf.co/LumiOpen/Llama-Poro-2-70B-Instruct'>LumiOpen/Llama-Poro-2-70B-Instruct</a>,рҹ“қ,-,?,70553706496.0,128256.0,8192.0,вң“,вң—,(вң“),вң—,-,-,-,-,-,-
<a href='https://hf.co/LumiOpen/Llama-Poro-2-70B-SFT'>LumiOpen/Llama-Poro-2-70B-SFT</a>,рҹ“қ,-,?,70553706496.0,128256.0,8192.0,вң“,вң—,(вң“),вң—,-,-,-,-,-,-
<a href='https://hf.co/LumiOpen/Llama-Poro-2-8B-Instruct'>LumiOpen/Llama-Poro-2-8B-Instruct</a>,рҹ“қ,-,?,8030261248.0,128256.0,8192.0,вң“,вң—,(вң“),вң—,-,-,-,-,-,-
<a href='https://hf.co/LumiOpen/Llama-Poro-2-8B-SFT'>LumiOpen/Llama-Poro-2-8B-SFT</a>,рҹ“қ,-,?,8030261248.0,128256.0,8192.0,вң“,вң—,(вң“),вң—,-,-,-,-,-,-
<a href='https://hf.co/LumiOpen/Llama-Poro-2-8B-base'>LumiOpen/Llama-Poro-2-8B-base</a>,рҹ§ ,-,N/A,8030261248.0,128256.0,8192.0,вң“,вң—,(вң“),вң—,-,-,-,-,-,-
<a href='https://hf.co/LumiOpen/Viking-13B'>LumiOpen/Viking-13B</a>,рҹ§ ,-,N/A,14030361600.0,131072.0,4096.0,вң“,вң—,вң—,вң“,-,-,-,-,-,-
<a href='https://hf.co/LumiOpen/Viking-33B'>LumiOpen/Viking-33B</a>,рҹ§ ,-,N/A,33119034368.0,131072.0,4096.0,вң“,вң—,вң—,вң“,-,-,-,-,-,-
<a href='https://hf.co/LumiOpen/Viking-7B'>LumiOpen/Viking-7B</a>,рҹ§ ,-,N/A,7550013440.0,131072.0,4096.0,вң“,вң—,вң—,вң“,-,-,-,-,-,-
<a href='https://hf.co/MaLA-LM/emma-500-llama2-7b'>MaLA-LM/emma-500-llama2-7b</a>,рҹ§ ,-,N/A,6738415616.0,32000.0,4096.0,вң“,вң—,(вң“),вң—,-,-,-,-,-,-
<a href='https://hf.co/NorwAI/NorwAI-Mistral-7B'>NorwAI/NorwAI-Mistral-7B</a>,рҹ§ ,-,N/A,7536586752.0,67993.0,32768.0,вң“,вң—,(вң“),вң—,-,-,-,-,-,-
<a href='https://hf.co/NorwAI/NorwAI-Mixtral-8x7B-instruct'>NorwAI/NorwAI-Mixtral-8x7B-instruct</a>,рҹ§ ,-,N/A,46997647360.0,67993.0,32768.0,вң“,вң—,(вң“),вң—,-,-,-,-,-,-
<a href='https://hf.co/NorwAI/NorwAI-Mixtral-8x7B'>NorwAI/NorwAI-Mixtral-8x7B</a>,рҹ§ ,-,N/A,46997647360.0,67993.0,32768.0,вң“,вң—,(вң“),вң—,-,-,-,-,-,-
<a href='https://hf.co/NousResearch/DeepHermes-3-Llama-3-8B-Preview'>NousResearch/DeepHermes-3-Llama-3-8B-Preview</a>,рҹ“қ,-,?,8030261248.0,128256.0,131072.0,вң“,вң—,(вң“),вң—,-,-,-,-,-,-
<a href='https://hf.co/NovaSky-AI/Sky-T1-32B-Preview'>NovaSky-AI/Sky-T1-32B-Preview</a>,рҹ“қ,-,?,32763876352.0,152064.0,32768.0,вң“,вң—,(вң“),вң—,-,-,-,-,-,-
<a href='https://hf.co/OpenLLM-France/Lucie-7B'>OpenLLM-France/Lucie-7B</a>,рҹ“қ,-,?,6706960384.0,65024.0,32000.0,вң“,вң—,(вң“),вң—,-,-,-,-,-,-
<a href='https://hf.co/Nexusflow/Starling-LM-7B-beta'>Nexusflow/Starling-LM-7B-beta</a>,рҹ“қ,-,?,7241748480.0,32002.0,8192.0,вң—,вң—,(вң“),вң—,-,-,-,-,-,-
<a href='https://hf.co/Qwen/Qwen3-30B-A3B'>Qwen/Qwen3-30B-A3B</a>,рҹӨ”,-,?,30532122624.0,151936.0,40960.0,вң“,вң—,вң—,вң“,-,-,-,-,-,-
<a href='https://hf.co/Qwen/Qwen3-32B'>Qwen/Qwen3-32B</a>,рҹӨ”,-,?,32762123264.0,151936.0,40960.0,вң“,вң—,вң—,вң“,-,-,-,-,-,-
<a href='https://hf.co/Qwen/Qwen3-4B-Instruct-2507'>Qwen/Qwen3-4B-Instruct-2507</a>,рҹ“қ,-,?,4022468096.0,151936.0,262144.0,вң“,вң—,вң—,вң“,-,-,-,-,-,-
<a href='https://hf.co/Qwen/Qwen3-4B'>Qwen/Qwen3-4B</a>,рҹӨ”,-,?,4022468096.0,151936.0,40960.0,вң“,вң—,вң—,вң“,-,-,-,-,-,-
<a href='https://hf.co/Qwen/Qwen3-8B'>Qwen/Qwen3-8B</a>,рҹӨ”,-,?,8190735360.0,151936.0,40960.0,вң“,вң—,вң—,вң“,-,-,-,-,-,-
<a href='https://hf.co/Qwen/Qwen3-Next-80B-A3B-Instruct'>Qwen/Qwen3-Next-80B-A3B-Instruct</a>,рҹ“қ,-,?,81324862720.0,151936.0,262144.0,вң“,вң—,вң—,вң“,-,-,-,-,-,-
<a href='https://hf.co/Qwen/Qwen3-Next-80B-A3B-Thinking'>Qwen/Qwen3-Next-80B-A3B-Thinking</a>,рҹӨ”,-,?,81324862720.0,151936.0,262144.0,вң“,вң—,вң—,вң“,-,-,-,-,-,-
<a href='https://hf.co/Qwen/Qwen3.5-27B-FP8'>Qwen/Qwen3.5-27B-FP8 (val)</a>,рҹӨ”,-,?,24699207680.0,248044.0,8192.0,вң“,вң—,(вң“),вң“,1.43,-,-,-,-,-
<a href='https://hf.co/Qwen/Qwen3-30B-A3B'>Qwen/Qwen3-30B-A3B#no-thinking</a>,рҹ“қ,-,?,30532122624.0,151936.0,40960.0,вң“,вң—,вң—,вң“,-,-,-,-,-,-
<a href='https://hf.co/Qwen/Qwen2.5-Math-1.5B'>Qwen/Qwen2.5-Math-1.5B</a>,рҹ“қ,-,?,1543714304.0,151936.0,4096.0,вң“,вң—,(вң“),вң“,-,-,-,-,-,-
<a href='https://hf.co/Qwen/Qwen2.5-Math-7B'>Qwen/Qwen2.5-Math-7B</a>,рҹ“қ,-,?,7615616512.0,152064.0,4096.0,вң“,вң—,(вң“),вң“,-,-,-,-,-,-
<a href='https://hf.co/Qwen/Qwen3-0.6B'>Qwen/Qwen3-0.6B</a>,рҹӨ”,-,?,751632384.0,151936.0,40960.0,вң“,вң—,вң—,вң“,3.11,-,-,-,-,-
<a href='https://hf.co/Qwen/Qwen3-1.7B'>Qwen/Qwen3-1.7B</a>,рҹӨ”,-,?,2031739904.0,151936.0,40960.0,вң“,вң—,вң—,вң“,-,-,-,-,-,-
<a href='https://hf.co/Qwen/Qwen3-14B'>Qwen/Qwen3-14B</a>,рҹӨ”,-,?,14768307200.0,151936.0,40960.0,вң“,вң—,вң—,вң“,-,-,-,-,-,-
<a href='https://hf.co/Qwen/Qwen3-235B-A22B-Instruct-2507-FP8'>Qwen/Qwen3-235B-A22B-Instruct-2507-FP8</a>,рҹ“қ,-,?,235107904512.0,151936.0,262144.0,вң“,вң—,вң—,вң“,-,-,-,-,-,-
<a href='https://hf.co/Qwen/Qwen3-235B-A22B-Thinking-2507-FP8'>Qwen/Qwen3-235B-A22B-Thinking-2507-FP8</a>,рҹӨ”,-,?,235107904512.0,151936.0,262144.0,вң“,вң—,вң—,вң“,-,-,-,-,-,-
<a href='https://hf.co/Qwen/Qwen3-235B-A22B'>Qwen/Qwen3-235B-A22B</a>,рҹӨ”,-,?,235093634560.0,151936.0,40960.0,вң“,вң—,вң—,вң“,-,-,-,-,-,-
<a href='https://hf.co/BSC-LT/ALIA-40b'>BSC-LT/ALIA-40b</a>,рҹ§ ,-,N/A,40433885184.0,256000.0,32768.0,вң“,вң—,(вң“),вң“,-,-,-,-,-,-
<a href='https://hf.co/BSC-LT/salamandra-2b-instruct'>BSC-LT/salamandra-2b-instruct</a>,рҹ“қ,-,?,2253490176.0,256000.0,8192.0,вң“,вң—,(вң“),вң“,-,-,-,-,-,-
<a href='https://hf.co/BSC-LT/salamandra-2b'>BSC-LT/salamandra-2b</a>,рҹ§ ,-,N/A,2253490176.0,256000.0,8192.0,вң“,вң—,(вң“),вң“,-,-,-,-,-,-
<a href='https://hf.co/CohereForAI/aya-23-8B'>CohereForAI/aya-23-8B</a>,рҹ“қ,-,?,8028033024.0,256000.0,8192.0,вң—,вң—,(вң“),вң—,-,-,-,-,-,-
<a href='https://hf.co/CohereForAI/aya-expanse-32b'>CohereForAI/aya-expanse-32b</a>,рҹ“қ,-,?,32296476672.0,256000.0,8192.0,вң—,вң—,(вң“),вң—,-,-,-,-,-,-
<a href='https://hf.co/CohereForAI/aya-expanse-8b'>CohereForAI/aya-expanse-8b</a>,рҹ“қ,-,?,8028033024.0,256000.0,8192.0,вң—,вң—,(вң“),вң—,-,-,-,-,-,-
<a href='https://hf.co/CohereForAI/c4ai-command-r-08-2024'>CohereForAI/c4ai-command-r-08-2024</a>,рҹ“қ,-,?,32296476672.0,256000.0,131072.0,вң—,вң—,(вң“),вң—,-,-,-,-,-,-
<a href='https://hf.co/CohereForAI/c4ai-command-r-v01'>CohereForAI/c4ai-command-r-v01</a>,рҹ“қ,-,?,34980831232.0,256000.0,8192.0,вң—,вң—,(вң“),вң—,-,-,-,-,-,-
<a href='https://hf.co/CohereForAI/c4ai-command-r7b-12-2024'>CohereForAI/c4ai-command-r7b-12-2024</a>,рҹ“қ,-,?,8028033024.0,256000.0,132096.0,вң—,вң—,(вң“),вң—,-,-,-,-,-,-
<a href='https://hf.co/CohereForAI/aya-23-35B'>CohereForAI/aya-23-35B</a>,рҹ“қ,-,?,34980831232.0,256000.0,8192.0,вң—,вң—,(вң“),вң—,-,-,-,-,-,-
<a href='https://hf.co/AI-Sweden-Models/gpt-sw3-356m'>AI-Sweden-Models/gpt-sw3-356m</a>,рҹ§ ,-,N/A,470607872.0,64000.0,2048.0,вң“,вң—,(вң“),вң—,-,-,-,-,-,-
<a href='https://hf.co/01-ai/Yi-1.5-6B'>01-ai/Yi-1.5-6B</a>,рҹ§ ,-,N/A,6061035520.0,64000.0,4096.0,вң“,вң—,(вң“),вң—,-,-,-,-,-,-
<a href='https://hf.co/01-ai/Yi-1.5-9B'>01-ai/Yi-1.5-9B</a>,рҹ§ ,-,N/A,8829407232.0,64000.0,4096.0,вң“,вң—,(вң“),вң—,-,-,-,-,-,-
<a href='https://hf.co/01-ai/Yi-6B'>01-ai/Yi-6B</a>,рҹ§ ,-,N/A,6061035520.0,64000.0,4096.0,вң“,вң—,(вң“),вң—,-,-,-,-,-,-
<a href='https://hf.co/152334H/miqu-1-70b-sf'>152334H/miqu-1-70b-sf</a>,рҹ“қ,-,?,68976648192.0,32000.0,32764.0,вң“,вң—,(вң“),вң—,-,-,-,-,-,-
<a href='https://hf.co/AI-Sweden-Models/Llama-3-8B-instruct'>AI-Sweden-Models/Llama-3-8B-instruct</a>,рҹ“қ,-,?,8030261248.0,128256.0,8192.0,вң“,вң—,(вң“),вң—,-,-,-,-,-,-
<a href='https://hf.co/AI-Sweden-Models/Llama-3-8B'>AI-Sweden-Models/Llama-3-8B</a>,рҹ§ ,-,N/A,8030261248.0,128256.0,8192.0,вң“,вң—,(вң“),вң—,-,-,-,-,-,-
<a href='https://hf.co/AI-Sweden-Models/ModernBERT-large'>AI-Sweden-Models/ModernBERT-large</a>,рҹ”Қ,-,N/A,395881664.0,50368.0,8192.0,вң“,вң—,(вң“),вң—,-,-,-,-,-,-
<a href='https://hf.co/AI-Sweden-Models/gpt-sw3-126m'>AI-Sweden-Models/gpt-sw3-126m</a>,рҹ§ ,-,N/A,186112512.0,64000.0,2048.0,вң“,вң—,(вң“),вң—,-,-,-,-,-,-
<a href='https://hf.co/DiscoResearch/DiscoLM-70b'>DiscoResearch/DiscoLM-70b</a>,рҹ§ ,-,N/A,68977172480.0,32032.0,8192.0,вң—,вң—,(вң“),вң—,-,-,-,-,-,-
<a href='https://hf.co/HuggingFaceTB/SmolLM3-3B'>HuggingFaceTB/SmolLM3-3B</a>,рҹӨ”,-,?,3075098624.0,128256.0,65536.0,вң“,вң—,вң—,вң“,-,-,-,-,-,-
<a href='https://hf.co/EuroBERT/EuroBERT-2.1B'>EuroBERT/EuroBERT-2.1B</a>,рҹ”Қ,-,N/A,2403092736.0,128256.0,8192.0,вң“,вң—,(вң“),вң“,-,-,-,-,-,-
<a href='https://hf.co/EuroBERT/EuroBERT-210m'>EuroBERT/EuroBERT-210m</a>,рҹ”Қ,-,N/A,310266624.0,128256.0,8192.0,вң“,вң—,(вң“),вң“,-,-,-,-,-,-
<a href='https://hf.co/EuroBERT/EuroBERT-610m'>EuroBERT/EuroBERT-610m</a>,рҹ”Қ,-,N/A,755625600.0,128256.0,8192.0,вң“,вң—,(вң“),вң“,-,-,-,-,-,-
<a href='https://hf.co/EuropeanParliament/EUBERT'>EuropeanParliament/EUBERT</a>,рҹ”Қ,-,N/A,93990500.0,65636.0,512.0,вң“,вң—,(вң“),вң“,-,-,-,-,-,-
<a href='https://hf.co/FacebookAI/roberta-base'>FacebookAI/roberta-base</a>,рҹ”Қ,-,N/A,124697947.0,50265.0,512.0,вң“,вң—,(вң“),вң“,-,-,-,-,-,-
<a href='https://hf.co/FacebookAI/roberta-large'>FacebookAI/roberta-large</a>,рҹ”Қ,-,N/A,355412571.0,50265.0,512.0,вң“,вң—,(вң“),вң“,-,-,-,-,-,-
<a href='https://hf.co/FacebookAI/xlm-roberta-large'>FacebookAI/xlm-roberta-large</a>,рҹ”Қ,-,N/A,561192082.0,250002.0,512.0,вң“,вң—,(вң“),вң“,-,-,-,-,-,-
<a href='https://hf.co/Geotrend/distilbert-base-25lang-cased'>Geotrend/distilbert-base-25lang-cased</a>,рҹ”Қ,-,N/A,108867577.0,84985.0,512.0,вң“,вң—,(вң“),вң—,-,-,-,-,-,-
<a href='https://hf.co/HPLT/hplt2c_fra_checkpoints'>HPLT/hplt2c_fra_checkpoints</a>,рҹ§ ,-,N/A,?,262272.0,2048.0,вң“,вң—,(вң“),вң—,-,-,-,-,-,-
<a href='https://hf.co/HPLT/hplt2c_ita_checkpoints'>HPLT/hplt2c_ita_checkpoints</a>,рҹ§ ,-,N/A,?,262272.0,2048.0,вң“,вң—,(вң“),вң—,-,-,-,-,-,-
<a href='https://hf.co/HPLT/hplt2c_por_checkpoints'>HPLT/hplt2c_por_checkpoints</a>,рҹ§ ,-,N/A,?,262272.0,2048.0,вң“,вң—,(вң“),вң—,-,-,-,-,-,-
<a href='https://hf.co/HPLT/hplt2c_spa_checkpoints'>HPLT/hplt2c_spa_checkpoints</a>,рҹ§ ,-,N/A,?,262272.0,2048.0,вң“,вң—,(вң“),вң—,-,-,-,-,-,-
<a href='https://hf.co/HuggingFaceTB/SmolLM2-1.7B-Instruct'>HuggingFaceTB/SmolLM2-1.7B-Instruct</a>,рҹ“қ,-,?,1711376384.0,49152.0,8192.0,вң“,вң—,(вң“),вң“,-,-,-,-,-,-
<a href='https://hf.co/HuggingFaceTB/SmolLM2-1.7B'>HuggingFaceTB/SmolLM2-1.7B</a>,рҹ§ ,-,N/A,1711376384.0,49152.0,8192.0,вң“,вң—,(вң“),вң“,-,-,-,-,-,-
<a href='https://hf.co/HuggingFaceTB/SmolLM3-3B'>HuggingFaceTB/SmolLM3-3B#no-thinking</a>,рҹ“қ,-,1.07,3075098624.0,128256.0,65536.0,вң“,вң—,вң—,вң“,3.12,2.60,2.79,-,3.19,-
<a href='https://hf.co/Qwen/Qwen3.5-35B-A3B-FP8'>Qwen/Qwen3.5-35B-A3B-FP8 (val)</a>,рҹӨ”,-,?,34453061632.0,248044.0,8192.0,вң“,вң—,(вң“),вң“,1.52,-,-,-,-,-
<a href='https://hf.co/deepseek-ai/DeepSeek-R1-0528-Qwen3-8B'>deepseek-ai/DeepSeek-R1-0528-Qwen3-8B</a>,рҹӨ”,-,?,8190735360.0,151936.0,131072.0,вң“,вң—,(вң“),вң“,-,-,-,-,-,-
<a href='https://hf.co/deepseek-ai/DeepSeek-R1-Distill-Llama-70B'>deepseek-ai/DeepSeek-R1-Distill-Llama-70B</a>,рҹӨ”,-,?,70553706496.0,128256.0,131072.0,вң“,вң—,(вң“),вң“,-,-,-,-,-,-
<a href='https://hf.co/deepseek-ai/DeepSeek-R1-Distill-Llama-8B'>deepseek-ai/DeepSeek-R1-Distill-Llama-8B</a>,рҹӨ”,-,?,8030261248.0,128256.0,131072.0,вң“,вң—,(вң“),вң“,-,-,-,-,-,-
<a href='https://hf.co/deepseek-ai/DeepSeek-R1-Distill-Qwen-1.5B'>deepseek-ai/DeepSeek-R1-Distill-Qwen-1.5B</a>,рҹӨ”,-,?,1777088000.0,151936.0,131072.0,вң“,вң—,(вң“),вң“,-,-,-,-,-,-
<a href='https://hf.co/deepseek-ai/DeepSeek-R1-Distill-Qwen-14B'>deepseek-ai/DeepSeek-R1-Distill-Qwen-14B</a>,рҹӨ”,-,?,14770033664.0,152064.0,131072.0,вң“,вң—,(вң“),вң“,-,-,-,-,-,-
<a href='https://hf.co/deepseek-ai/DeepSeek-R1-Distill-Qwen-32B'>deepseek-ai/DeepSeek-R1-Distill-Qwen-32B</a>,рҹӨ”,-,?,32763876352.0,152064.0,131072.0,вң“,вң—,(вң“),вң“,-,-,-,-,-,-
<a href='https://hf.co/facebook/MobileLLM-R1-140M-base'>facebook/MobileLLM-R1-140M-base</a>,рҹ§ ,-,N/A,140248512.0,128256.0,4096.0,вң—,вң—,(вң“),вң“,-,-,-,-,-,-
<a href='https://hf.co/facebook/MobileLLM-R1-140M'>facebook/MobileLLM-R1-140M</a>,рҹӨ”,-,?,140248512.0,128256.0,32768.0,вң—,вң—,(вң“),вң“,-,-,-,-,-,-
<a href='https://hf.co/facebook/MobileLLM-R1-360M-base'>facebook/MobileLLM-R1-360M-base</a>,рҹ§ ,-,N/A,359431168.0,128256.0,4096.0,вң—,вң—,(вң“),вң“,-,-,-,-,-,-
<a href='https://hf.co/facebook/MobileLLM-R1-360M'>facebook/MobileLLM-R1-360M</a>,рҹ“қ,-,?,359431168.0,128256.0,32768.0,вң—,вң—,(вң“),вң“,-,-,-,-,-,-
<a href='https://hf.co/facebook/MobileLLM-R1-950M-base'>facebook/MobileLLM-R1-950M-base</a>,рҹ§ ,-,N/A,949685760.0,128256.0,4096.0,вң—,вң—,(вң“),вң“,-,-,-,-,-,-
<a href='https://hf.co/deepseek-ai/DeepSeek-R1-Distill-Qwen-7B'>deepseek-ai/DeepSeek-R1-Distill-Qwen-7B</a>,рҹӨ”,-,?,7615616512.0,152064.0,131072.0,вң“,вң—,(вң“),вң“,-,-,-,-,-,-
<a href='https://hf.co/facebook/MobileLLM-R1-950M'>facebook/MobileLLM-R1-950M</a>,рҹ“қ,-,?,949685760.0,128256.0,32768.0,вң—,вң—,(вң“),вң“,-,-,-,-,-,-
<a href='https://hf.co/common-pile/comma-v0.1-1t'>common-pile/comma-v0.1-1t</a>,рҹ§ ,-,N/A,7002656768.0,64256.0,16384.0,вң“,вң—,(вң“),вң—,-,-,-,-,-,-
<a href='https://hf.co/common-pile/comma-v0.1-2t'>common-pile/comma-v0.1-2t</a>,рҹ§ ,-,N/A,7002656768.0,64256.0,16384.0,вң“,вң—,(вң“),вң—,-,-,-,-,-,-
<a href='https://hf.co/croissantllm/CroissantLLMBase'>croissantllm/CroissantLLMBase</a>,рҹ§ ,-,N/A,?,32000.0,2048.0,вң“,вң—,(вң“),вң—,-,-,-,-,-,-
<a href='https://hf.co/croissantllm/CroissantLLMChat-v0.1'>croissantllm/CroissantLLMChat-v0.1</a>,рҹ“қ,-,?,1345431552.0,32002.0,2048.0,вң—,вң—,(вң“),вң—,-,-,-,-,-,-
<a href='https://hf.co/dbmdz/bert-tiny-historic-multilingual-cased'>dbmdz/bert-tiny-historic-multilingual-cased</a>,рҹ”Қ,-,N/A,4624642.0,32000.0,512.0,вң“,вң—,(вң“),вң—,-,-,-,-,-,-
<a href='https://hf.co/deepcogito/cogito-v1-preview-llama-70B'>deepcogito/cogito-v1-preview-llama-70B</a>,рҹ“қ,-,?,70553706496.0,128256.0,131072.0,вң“,вң—,(вң“),вң—,-,-,-,-,-,-
<a href='https://hf.co/dbmdz/bert-base-historic-multilingual-cased'>dbmdz/bert-base-historic-multilingual-cased</a>,рҹ”Қ,-,N/A,111243522.0,32000.0,512.0,вң“,вң—,(вң“),вң—,-,-,-,-,-,-
fresh-electra-small,рҹ”Қ,-,N/A,13738755.0,32000.0,128.0,вң“,вң—,вң—,вң“,-,-,-,-,-,-
"<a href='https://ai.google.dev/gemini-api/docs/models#gemini-1.5-flash-002'>gemini/gemini-1.5-flash-002 (zero-shot, val)</a>",рҹ“қ,-,?,?,256128.0,1048576.0,вң“,вң—,вң—,вң“,-,-,-,-,-,-
<a href='https://hf.co/google/gemma-2-27b-it'>google/gemma-2-27b-it</a>,рҹ“қ,-,?,27227128320.0,256000.0,8192.0,вң“,вң—,(вң“),вң“,-,-,-,-,-,-
<a href='https://hf.co/google/gemma-2-27b'>google/gemma-2-27b</a>,рҹ§ ,-,N/A,27227128320.0,256000.0,8192.0,вң“,вң—,(вң“),вң“,-,-,-,-,-,-
<a href='https://hf.co/google/gemma-2-2b-it'>google/gemma-2-2b-it</a>,рҹ“қ,-,?,2614341888.0,256000.0,8192.0,вң“,вң—,(вң“),вң“,-,-,-,-,-,-
<a href='https://hf.co/google/gemma-2-2b'>google/gemma-2-2b</a>,рҹ§ ,-,N/A,2614341888.0,256000.0,8192.0,вң“,вң—,(вң“),вң“,-,-,-,-,-,-
<a href='https://hf.co/google/gemma-2-9b-it'>google/gemma-2-9b-it</a>,рҹ“қ,-,?,9241705984.0,256000.0,8192.0,вң“,вң—,(вң“),вң“,-,-,-,-,-,-
<a href='https://hf.co/google/gemma-2-9b'>google/gemma-2-9b</a>,рҹ§ ,-,N/A,9241705984.0,256000.0,8192.0,вң“,вң—,(вң“),вң“,-,-,-,-,-,-
<a href='https://hf.co/google/gemma-2b-it'>google/gemma-2b-it</a>,рҹ“қ,-,?,2506172416.0,256000.0,8192.0,вң—,вң—,(вң“),вң“,-,-,-,-,-,-
<a href='https://hf.co/google/gemma-2b'>google/gemma-2b</a>,рҹ§ ,-,N/A,2506172416.0,256000.0,8192.0,вң“,вң—,(вң“),вң“,-,-,-,-,-,-
fresh-xlm-roberta-base,рҹ”Қ,-,N/A,278885778.0,250002.0,512.0,вң“,вң—,вң—,вң“,-,-,-,-,-,-
"<a href='https://ai.google.dev/gemini-api/docs/models#gemini-1.5-flash-8b-001'>gemini/gemini-1.5-flash-8b-001 (zero-shot, val)</a>",рҹ“қ,-,?,?,256128.0,1048576.0,вң“,вң—,вң—,вң“,-,-,-,-,-,-
"<a href='https://ai.google.dev/gemini-api/docs/models#gemini-1.5-pro-002'>gemini/gemini-1.5-pro-002 (zero-shot, val)</a>",рҹ“қ,-,?,?,256128.0,2097152.0,вң“,вң—,вң—,вң“,-,-,-,-,-,-
"<a href='https://ai.google.dev/gemini-api/docs/models#gemini-2.0-flash-001'>gemini/gemini-2.0-flash-001 (zero-shot, val)</a>",рҹ“қ,-,?,?,256128.0,1048576.0,вң“,вң—,вң—,вң“,-,-,-,-,-,-
"<a href='https://ai.google.dev/gemini-api/docs/models#gemini-2.0-flash-lite-001'>gemini/gemini-2.0-flash-lite-001 (zero-shot, val)</a>",рҹ“қ,-,?,?,256128.0,1048576.0,вң“,вң—,вң—,вң“,-,-,-,-,-,-
"<a href='https://ai.google.dev/gemini-api/docs/models#gemini-2.5-flash'>gemini/gemini-2.5-flash#no-thinking (zero-shot, val)</a>",рҹ“қ,-,?,?,256128.0,1048576.0,вң“,вң—,вң—,вң“,-,-,-,-,-,-
"<a href='https://ai.google.dev/gemini-api/docs/models#gemini-2.5-flash'>gemini/gemini-2.5-flash#thinking (zero-shot, val)</a>",рҹӨ”,-,?,?,256128.0,1048576.0,вң“,вң—,вң—,вң“,-,-,-,-,-,-
"<a href='https://ai.google.dev/gemini-api/docs/models#gemini-2.5-flash-lite-preview-06-17'>gemini/gemini-2.5-flash-lite-preview-06-17#no-thinking (zero-shot, val)</a>",рҹ“қ,-,?,?,256128.0,1048576.0,вң“,вң—,вң—,вң“,-,-,-,-,-,-
"<a href='https://ai.google.dev/gemini-api/docs/models#gemini-2.5-flash-preview-04-17'>gemini/gemini-2.5-flash-preview-04-17 (zero-shot, val)</a>",рҹӨ”,-,?,?,256128.0,1048576.0,вң“,вң—,вң—,вң“,-,-,-,-,-,-
"<a href='https://ai.google.dev/gemini-api/docs/models#gemini-2.5-pro-preview-03-25'>gemini/gemini-2.5-pro-preview-03-25 (zero-shot, val)</a>",рҹӨ”,-,?,?,256128.0,1048576.0,вң“,вң—,вң—,вң“,-,-,-,-,-,-
"<a href='https://ai.google.dev/gemini-api/docs/models#gemini-2.5-pro'>gemini/gemini-2.5-pro (zero-shot, val)</a>",рҹӨ”,-,?,?,256128.0,1048576.0,вң“,вң—,вң—,вң“,-,-,-,-,-,-
<a href='https://hf.co/zai-org/GLM-4.5-Air'>zai-org/GLM-4.5-Air#thinking</a>,рҹӨ”,-,?,110468824832.0,151552.0,131072.0,вң“,вң—,вң—,вң“,-,-,-,-,-,-
"<a href='https://ai.google.dev/gemini-api/docs/models#gemini-2.5-flash-lite-preview-06-17'>gemini/gemini-2.5-flash-lite-preview-06-17#thinking (zero-shot, val)</a>",рҹӨ”,-,?,?,256128.0,1048576.0,вң“,вң—,вң—,вң“,-,-,-,-,-,-
"<a href='https://docs.anthropic.com/en/docs/about-claude'>claude-3-7-sonnet-20250219#thinking (zero-shot, val)</a>",рҹӨ”,-,?,?,?,200000.0,вң“,вң—,вң—,вң“,-,-,-,-,-,-
<a href='https://hf.co/allenai/Llama-3.1-Tulu-3-8B'>allenai/Llama-3.1-Tulu-3-8B</a>,рҹ“қ,-,?,8030326784.0,128264.0,131072.0,вң“,вң—,(вң“),вң“,-,-,-,-,-,-
<a href='https://hf.co/allenai/Llama-3.1-Tulu-3.1-8B'>allenai/Llama-3.1-Tulu-3.1-8B</a>,рҹ“қ,-,?,8030326784.0,128264.0,131072.0,вң“,вң—,(вң“),вң“,-,-,-,-,-,-
<a href='https://hf.co/allenai/OLMo-2-0325-32B'>allenai/OLMo-2-0325-32B</a>,рҹ§ ,-,N/A,32234279936.0,100352.0,4096.0,вң“,вң—,(вң“),вң“,-,-,-,-,-,-
<a href='https://hf.co/allenai/OLMo-2-1124-13B-Instruct'>allenai/OLMo-2-1124-13B-Instruct</a>,рҹ“қ,-,?,13716198400.0,100352.0,4096.0,вң“,вң—,(вң“),вң“,-,-,-,-,-,-
<a href='https://hf.co/allenai/OLMo-2-1124-7B-Instruct'>allenai/OLMo-2-1124-7B-Instruct</a>,рҹ“қ,-,?,7298617344.0,100352.0,4096.0,вң“,вң—,(вң“),вң“,-,-,-,-,-,-
<a href='https://hf.co/allenai/OLMo-2-1124-7B'>allenai/OLMo-2-1124-7B</a>,рҹ§ ,-,N/A,7298617344.0,100352.0,4096.0,вң“,вң—,(вң“),вң“,-,-,-,-,-,-
<a href='https://hf.co/allenai/OLMo-2-1124-13B'>allenai/OLMo-2-1124-13B</a>,рҹ§ ,-,N/A,13716198400.0,100352.0,4096.0,вң“,вң—,(вң“),вң“,-,-,-,-,-,-
<a href='https://hf.co/allenai/Llama-3.1-Tulu-3-8B-DPO'>allenai/Llama-3.1-Tulu-3-8B-DPO</a>,рҹ“қ,-,?,8030326784.0,128264.0,131072.0,вң“,вң—,(вң“),вң“,-,-,-,-,-,-
<a href='https://hf.co/ai21labs/Jamba-v0.1'>ai21labs/Jamba-v0.1</a>,рҹ§ ,-,N/A,51570323328.0,65536.0,262144.0,вң“,вң—,(вң“),вң—,-,-,-,-,-,-
<a href='https://hf.co/RekaAI/reka-flash-3.1'>RekaAI/reka-flash-3.1</a>,рҹӨ”,-,?,20905482240.0,100352.0,98304.0,вң“,вң—,(вң“),вң—,-,-,-,-,-,-
<a href='https://hf.co/RekaAI/reka-flash-3'>RekaAI/reka-flash-3</a>,рҹӨ”,-,?,20905482240.0,100352.0,32768.0,вң“,вң—,(вң“),вң—,-,-,-,-,-,-
<a href='https://hf.co/Shekswess/trlm-135m'>Shekswess/trlm-135m</a>,рҹ“қ,-,?,134516160.0,49154.0,8192.0,вң“,вң—,(вң“),вң—,-,-,-,-,-,-
<a href='https://hf.co/THUDM/GLM-4.1V-9B-Thinking'>THUDM/GLM-4.1V-9B-Thinking</a>,рҹӨ”,-,?,10292777472.0,151552.0,65536.0,вң“,вң—,(вң“),вң—,-,-,-,-,-,-
<a href='https://hf.co/ThatsGroes/gemma-2-27b-it-FP8-Dynamic'>ThatsGroes/gemma-2-27b-it-FP8-Dynamic</a>,рҹ“қ,-,?,28410968576.0,256000.0,8192.0,вң“,вң—,(вң“),вң—,-,-,-,-,-,-
<a href='https://hf.co/TildeAI/TildeOpen-30b'>TildeAI/TildeOpen-30b#slow-tokenizer</a>,рҹ§ ,-,N/A,30677882880.0,131072.0,65536.0,вң“,вң—,вң—,вң“,-,-,-,-,-,-
<a href='https://hf.co/TrustLLMeu/baseline-7-8b_1t-tokens_llama'>TrustLLMeu/baseline-7-8b_1t-tokens_llama</a>,рҹ§ ,-,N/A,7799574528.0,100096.0,4096.0,вң“,вң—,(вң“),вң—,-,-,-,-,-,-
<a href='https://hf.co/TrustLLMeu/baseline-7-8b_2-3t-tokens_llama'>TrustLLMeu/baseline-7-8b_2-3t-tokens_llama</a>,рҹ§ ,-,N/A,7799574528.0,100096.0,4096.0,вң“,вң—,(вң“),вң—,-,-,-,-,-,-
<a href='https://hf.co/Twitter/twhin-bert-base'>Twitter/twhin-bert-base</a>,рҹ”Қ,-,N/A,279080594.0,250002.0,512.0,вң“,вң—,(вң“),вң—,-,-,-,-,-,-
<a href='https://hf.co/alea-institute/kl3m-003-3.7b'>alea-institute/kl3m-003-3.7b</a>,рҹ§ ,-,N/A,3691382784.0,32768.0,4096.0,вң“,вң—,(вң“),вң—,-,-,-,-,-,-
<a href='https://hf.co/Twitter/twhin-bert-large'>Twitter/twhin-bert-large</a>,рҹ”Қ,-,N/A,561713298.0,250002.0,512.0,вң“,вң—,(вң“),вң—,-,-,-,-,-,-
<a href='https://hf.co/ZurichNLP/unsup-simcse-xlm-roberta-base'>ZurichNLP/unsup-simcse-xlm-roberta-base</a>,рҹ”Қ,-,N/A,277453570.0,250002.0,514.0,вң“,вң—,(вң“),вң—,-,-,-,-,-,-
<a href='https://hf.co/allenai/Olmo-3-7B-Think'>allenai/Olmo-3-7B-Think</a>,рҹӨ”,-,?,7298011136.0,100278.0,65536.0,вң—,вң—,(вң“),вң“,-,-,-,-,-,-
<a href='https://hf.co/bullerwins/Magistral-Small-2506-fp8'>bullerwins/Magistral-Small-2506-fp8</a>,рҹ§ ,-,N/A,23575680000.0,131072.0,32768.0,вң“,вң—,(вң“),вң—,-,-,-,-,-,-
<a href='https://hf.co/cardiffnlp/twitter-xlm-roberta-base'>cardiffnlp/twitter-xlm-roberta-base</a>,рҹ”Қ,-,N/A,278045186.0,250002.0,514.0,вң“,вң—,(вң“),вң—,-,-,-,-,-,-
"<a href='https://docs.anthropic.com/en/docs/about-claude'>claude-3-5-sonnet-20241022 (zero-shot, val)</a>",рҹ“қ,-,?,?,?,200000.0,вң“,вң—,вң—,вң“,-,-,-,-,-,-
"<a href='https://docs.anthropic.com/en/docs/about-claude'>claude-3-7-sonnet-20250219#no-thinking (zero-shot, val)</a>",рҹ“қ,-,?,?,?,200000.0,вң“,вң—,вң—,вң“,-,-,-,-,-,-
<a href='https://hf.co/allenai/Olmo-3.1-32B-Think'>allenai/Olmo-3.1-32B-Think</a>,рҹӨ”,-,?,32233522176.0,100278.0,65536.0,вң—,вң—,(вң“),вң“,-,-,-,-,-,-
<a href='https://hf.co/answerdotai/ModernBERT-base'>answerdotai/ModernBERT-base</a>,рҹ”Қ,-,N/A,149655232.0,50368.0,8192.0,вң“,вң—,(вң“),вң“,-,-,-,-,-,-
<a href='https://hf.co/answerdotai/ModernBERT-large'>answerdotai/ModernBERT-large</a>,рҹ”Қ,-,N/A,395881664.0,50368.0,8192.0,вң“,вң—,(вң“),вң“,-,-,-,-,-,-
<a href='https://hf.co/arcee-ai/AFM-4.5B-Base'>arcee-ai/AFM-4.5B-Base</a>,рҹ§ ,-,N/A,4619184640.0,128004.0,65536.0,вң“,вң—,(вң“),вң—,-,-,-,-,-,-
<a href='https://hf.co/arcee-ai/Trinity-Mini'>arcee-ai/Trinity-Mini</a>,рҹӨ”,-,?,26123974400.0,200192.0,131072.0,вң—,вң—,(вң“),вң—,-,-,-,-,-,-
<a href='https://hf.co/zai-org/GLM-4.7-Flash'>zai-org/GLM-4.7-Flash (val)</a>,рҹӨ”,-,?,31221485568.0,154880.0,202752.0,вң“,вң—,вң—,вң“,1.92,1.66,1.80,2.00,2.12,-
